Label,Text
negative,Ինչ կարեվոր մարդ է թող վերանան դրանք
negative,"Ժողովուրդ, մի՛ ջրիկացեք։ Ում խելքն ինչ կտրում՝ գրում է։ Ամոթն էլ լավ բան է..."
negative,"այն ոստիկանները, ովքեր ներկա են գտնվել այստեղ և նմանատիպ այլ վայրերում և պահել են այս .......... շահերը, պետք է պատժվեն ամենայն խստությամբ:"
negative,"Բոլորին անխտիր պատասխանատվության կանչել ,,,բոլորին,,,,երբ որ ռուսները հայերին նման կերպ ծեծում են ,,մարդու սիրտ է պայթում ,,,բա դուք ով եք ,,,այ ,,,,,,,,,,,,,,,,,,,,,,.
սպասում ենք ,,երբ է սկսելու սրանք հանդեպ  դատական գործերը ,,,,,,և թող իրենք էլ վճարեն  այս տղային մեծ գումար ,,,բոլորով ,,,,,,զզվելիներ,,,,"
negative,"Սրանք արդեն պետքա նստած լինեին, այն ինչ մենք դեռ սպասում ենք նոր տան բացմանը..(("
negative,"Սարսափում եմ են մտքից,որ սրանց երակներում հայի արյունն է հոսում"
negative,Ամոթ։։։ԱՄՈԹ։։։։😱👇🐸🐒🐖🐖
negative,"Դալմայի այգիները վերացրին, համալիրի հարակից տարածքի անտառները չջրվելու պատճառով չորանում են, կենտրոնի բոլոր կանաչ տարածքները դարձրին շենքեր, մոնումենտի այգիները սարքին հյուրանոց, մի զգալի մասն էլ դղյակներ: Ամեն տարվա հոկտեմբերին էլ մի գյուռ փող են մսխում ու մեզ համոզում, որ իրենք սիրում են Երևանը: Քաղաքապետին ու իրա սաստավին անհապաղ փոխելա պետք: Չեմ հասկանում, սրանք ուզում են գնանք դեմ առ դեմ մերժենք իրանց??? Ե հա կգնանք ..."
negative,"Այսքան ժամանակ սրանով են զբաղվել, նույնն էլ Ծիծեռնակաբերդ տանող անտառում ծառ չի մնացել :"
negative,"Տականքնեեեեր,😡😬մարդու լաց է գալիս, տեսնելով ինչի էն վերածվել անտառներն ու քաղաքի կանաչ տարածքները😣😥"
negative,"Ահավոր տեսարան է,բայց էս պատկերը միայն Երևանում չէ...մեր մոտ էլ են ամբողջ քաղաքի ծառերն արմատից հանել...եղևնիներ են տնկել...որոնք երևի մի 20 տարի հետո  բարձր ծառեր կդառնան....ու դա արվել է Հայաստանի ամենաաղտոտված քաղաքում....տխուր է(((("
negative,"Ախր  ինչ բարեկարգելու մասին է խոսքը  երբ բոլորովին դրա կարիքը չկար"" ամբողջ կանաչապատ,100թէ150ցածր, իրար կողք-կողքի շարված շատրվաններով գեղեցիկ այգի էր :ինչու  քադեցին? Ինչ-որ մի կառույց կսարքեն կողքին էլ մի քանի շատրվան ու կասեն բարեկարգեցինք !!!"
negative,"իրանք  ձեռառնելիք են  մեզ են ձեռառնու  ասելով,որ ընդամենը ընդամենը վնասված ծառերն են կտրել"
negative,Ամեն մի ծառի համար ցավում եմ. Երևանը սիրող մարդը իրան թույլ չի տա անգամ թղթի կտոր գետնին գցի. Ես ինչ են արել սրանք. Ուրիշ ամայի տեղ ձեր բետոնը լցնեիք 😡😢
negative,"նույնիսկ եթե բարեկարգման նպատակ ունեն միևնույն է նախագիծը ուղղակի անընդունելի է, անճաշակ ու տգեղ։ Նման գումարներով կարող էին շատ ավելի լավ նախագիծ իրականացնել այնպիսի տեղերում որտեղ իրոք կա բարեկարգման կարիք, այլ ոչ թե հատել բազում ծառեր քաղաքի կենտրոնում"
negative,Ախր շատ սիրուն էր այգին էս ինչ են արելլ
negative,"Բարբարոսներ, ո՞նց եք կարողացել նման բան անել։"
negative,Տխուր վիճակ 😕
negative,"անկապ  բաներ  ասելու  ու  գրելու  փոխարեն, եկեք  պահանջենք  իշխանություններից  թող  պարզաբանում  տան, որ  բոլորի  համար  հասկանալի  լինի, թե  չե  էս  ինչի է  նման՞՞՞՞՞"
negative,"ահավոր է😈  փոխանակ այգիներն ավելացնեն, կանանչապատեն, շենքն շենքի վրա են կառուցում։։։։Շատ ափսոս((("
positive,"Հայկ ջան էս շարժման մեջ ես քեզ հայտնաբերեցի , շատ ուրախ եմ , որ դու կաս , կան քո նման երիտասարդներ , ովքեր սրտացավ են հայրենի բնության ամեն թիզ հողի  նկատմամբ;  Հաջողություն ձեր բոլոր հործերին:"
positive,"Շնորհակալ ենք տղաներ,դուք ոգեշնչում եք ձեր հոգատարությամբ Բնության պահպանության համար 🌍🌳⛅🌸"
positive,Շատ հետաքրքիր նախագիծ է որպես հետազոտող էքսկուրսիա միջին և բարձր  դասարաններիհամար։
positive,Մեծ սիրով պատրաստ եմ ցանկացած օգնություն ցուցաբերելու
positive,Վայ ապրեք դուք։
positive,Շատ ապրեք
positive,"Կեցցե՛ք,հաջողություն տանող ճանապարհը միշտ էլ դժվարին է լինում ...."
positive,"Կեցցեք, Հայկ ջան, հերոսական գործ եք անում։
Իմացեք որ եթե դրամահավաք կազմակերպեք, շատ միացողներ կլինեն։"
positive,"Բռավո` խոնարհվում եմ եխբայրներ, հայիս տեսակը այսուհետ անկոտրում է։"
positive,Մեծ գործ եք անում...Շնորհակալություն
positive,Հայենպաստ գործ էս անում  տղես
positive,Անգնահատելի գործ եք անում
positive,"Երբ ժպտում է էնքան ազնիվ,անկեղծ, պարզ է,որ ամբողջ դեմքն է արտահայտում ժպիտը 👍"
positive,Վերջապես ազգիս ներկայացուցիչը իսկական հայ ու արժանավոր մարդ է; որով կարող ենք անվերջ հպարտանալ
positive,Բա մենք ինչ հպարտ ենք
negative,"Քանի դեռ էս ազգը չի սիրում մտածել ու կուրորեն հավատալով ""հալած յուղի տեղ ա ընդունում"" ցանկացած բան, ինչ իրենց սովորեցնում են իրենց ծնողները, ում էլ սովորեցրել են իրենց ծնողները ու էսպես շարունակ, էս երկրի վիճակը սենց էլ շարունակվելու ա մնալ։ Մինչև դպրոցից հեպ խայտառակ առարկան չհանվի, ու ծնողները չհասկանան, որ չի կարելի իրենց երեխաներին զոռով ստիպել աստվածաշունչ կարդալ, զոռով տանել եկեղեցի ու ստիպել աղոթել, ու զոռով կնքել, ազգը մնալու ա հորինվածքի առաջ ծնկի իջած։"
negative,"էս ինչքան անիմաատ բաներ եք գիում ,ժողովուրդ,էս ուր ենք գնում,ուր ենք էսպես հասնելու, մարդը շատ հիմար է և խաբված սատանայից,ինչ է ուզոմ էիք Աստծուն հենց էսպես ամեն օր տեսնեիք,որ Աստծուն ադալժենյա անեիք,ասեիք ,թե հավատում եք,ես կասեմ մեր Աստծո խոսքերը,երնեք նրան,ով  չի տեսնի,բայց կհավատա,կամ էլ ,,մարգարիտները խոզերի առաջ շաղ մի տվեք,կանչվածները շատ են,իսկ ընտրյալները քիչ ,ու պետք չի ծակ պրոֆեսորություններ անել ,դա առնվազն անմտություն է...."
positive,Ժողովուրդ մի վախեցեք հանեք ձեր մեջից վախերը եթե ստիպում են մի գնացեք ինչ պիտի անեն
negative,"չենք մերժում, դատի ենք տալի"
negative,Բոլորի դեմ պետք է քրեական գործ հարուցել
negative,խայտառակություն է
negative,"Ինչ ցավալի է որ ծնողները կեղծ արժեքներով են մեծացնում իրենց երեխաներին ,շաաատ ցավալի է"
negative,"Այ տնօրեններ, մտածեք, որ վաղը էսօրվա համար պատասխան եք տալու, մի ստիպեք ձեր աշխատողներին դուրս գալ պաշտպանության, նրանց մեջ շատերն արդեն տեղեկություններ են փոխանցում ձեր արածի մասին։"
negative,Ամոթ ձեզ հայ էն փտած ծերակույտ որ վաճառվելով քամահրանքի եք արժանանում.
negative,"Սաղսել լավ ծանոթ ենք քաղաքապետի ընտրություններին թաղի տղեքի ուսուցիչների տեսուչների տնորեների եվ շատերի կաշառք բաժանելով վախացնելով թե ինչ ձեվովա նստել,"
negative,"ժողովուրդ սթափվեք
ինչ եք անում
պառակտում եք
նորից դրանք հետ կգան հազիվ մաքրվել են"
negative,էս ինչ եք սրքել... կարծիք հայտնել չի լինում ... վիարավորում եք իրար... ու մեծեր չի կարելի .. աղջիկներ են կարդում
negative,"Ինչքան զզվելի էք։
Ստրուկը արմատական քցել ձեր մեջ ու ցավում եմ ձեր համար ,ոնց եք տենց ցածր ապրելու։
Չնայած երեցի տենց անուղեղ ավելի հեշտա ,փողա կծախսեք էլի մի օր"
negative,"Սրանց նմաներն են, որ դարեր ի վեր ազգին դավաճանել են կարևոր ժամանակաշրջաներում։"
negative,"Ամոթա լավ հերիքե արդեն իրոք, քաղաքում անիմաստ քաոս ստեղծելով տարբեր անկյուններում չենք օգնում միայն վնասում ենք։"
negative,"Մեկ ծառն ի զորու է թթվածին մատակարարել քսանութ մարդու:
Անկախ ընդունած մասշտաբներից՝ ծառահատումը հավասարազոր է X*28 մարդու ՄԱՔՈՒՐ ՕԴ շնչելու իրավունքից և հնարավորությունից զրկելուն..."
negative,"Ժողովուրդ ես ինչքան ատելություն կա մեջներդ ,,, խի եք իրար վիրավորում..իմաստ?"
negative,"Երկիրը տարաք կործանման...հեռացիր,դու կեղծ ընտրություններով ես անցել"
negative,Ամաչում  եմ որ էսքան անինքնասեր մարդ կա որ կոռուպցիային են սատարում։ Ամոթ
negative,Մարդիք իրար դեմ են դուրս եկել ժողովուրդ արդեն սադրիչները լցվել են.
negative,Այ տսկանք դավաճաներ ձեր նման երի պատճառով է որ մի բուռ հող էմնսցել
negative,Մեղք են երեխաները հիմիկվանից փչացնում եք…
negative,Դեմքներն էլ են փակում էս անամոթները
negative,սադրիչներ հեռացեք
negative,տեսեք թե ոնց են կառչում իրենց աթոռնեևից
negative,Կաշառքով են հա՞ դեռ ձայն հավաքում քաղաքապետարանում։
negative,"կաշառակեր դպրոցի տնօրեններն են, կաշառքի համը էս աղբի մեջ վխտող ոջիլների երախում է, չեն ուզում հրաժարվել"
negative,"Էդքան եռանդ ունեք, հավաքվեք՝ աթոռներին սոսնձված դատախազի ու դրա նմանների հրաժարականը պահանջեք, հետո ձեր դարդերը կպատմեք😡😡"
negative,"ՎԵՌՉԻՆ ԵՐԿՈՒՍԻՆ ՉԸԳԻՏԵՄ,ԲԱՅՑ ԱՌԱՉԻՆԸ ՏԱԿԱԱԱԱԱԱԱԱՔ ԵՐ,ԳՆԱՑԵՔ ԻՐԱՆՑ ԳՅՈՒՂ ՈՒ ՀԱՌՑՐԵՔ"
negative,Ծախվածներ չնչիններ էտ օրենքը քո գլխին է շուռ գալու
negative,Անուղեղների հավաքածու
negative,"Այսօրվա քաղաքապետի սահմանափակ քանակով անորակ ցույցի մասին, ինքնագովեստի խոսքերը բաժանել էր անթասիբ և ողորմածիկ տնօրեններին և ուսուցիչ կոչեցյալներին,  ողբամ Ձեզ հայոց դպրոցներում ուսում տվող նման որակ ունեցող մանկավարժներ։"
positive,"Շատ գեղեցիկ է նշված. Տարածքում  չի լինելու ոչ մի գովազդային վահանակ։ Այդ առումով "" ԿԱՐԱՊԻ ԼՃԻ"" տարածքում ( պատահաբար)հայտնված գովազդային էլենենտները փչացրել և խախտել են ճարտարապետական էլեմենտների հարմոնիան։"
positive,"Եթե զարդանախշերը հայկական են,ուրեմն շատ գեղեցիկ է։Ինձ շատ դուր եկավ հարգելի հայրենակիցներ։"
negative,Մարդիկ մեկուկես միլյառթ փողեն ծախսում անշահախնդիր որ նվեր անեն տականքի պեսեք ընդունում նվերը ու վապշե հայտնի չի թե երբեք հայտնվել Երեվանում գեղերից գալիս պայմաններեն թելադրու որ ման գաս միհատ Երեվանցի չէս գտնի սրանց մեջ
negative,"Այ մարդ... մեղ պետք չի տարածաշրջանում նմանը չունեցող խալի և շատրվաններ, էլի ընկան ծայրահեղությունների մեջ, կլնի մի քիչ համեստ, առանց ճոռոմ բաների պրոեկտներ անեք ???"
positive,"Հրաշք նախագիծ է, շնորհակալություն Վարդանյան եղբայրներին, ժողավուրդ ուշքի եկեք, այս գեղեցիկ մտահղացման դեմ չէ , որ դուք պետք է պայքարեք, ձեր քայլերը ճիշտ արեք"
negative,Մեզ նվեր պետք չի։ Մենք մեր քաղաքում միայն մաքուր օդ ենք ուզում։ Ձեզ պահեք ձեր նվերները
positive,Հրաշալի նախագիծ է։Ներողություն պետք է խնդրել Վարդանյան ընտանիքից կատարվածի համար։
positive,Շնորհակալություն Վարդանյան ընտանիքից շատ գեղեցիկ նվերի համար։
positive,Շատ գեղեցիկ և արժանի նվեր մեր Երևանին: Շնորհակալություն Վարդանյաններին:
negative,Նայում եմ սրանց նեռվային ստրեսի մեչ եմ ընկնում օվ ձեր նայրիտը թալանելա գնացեք դրանից պահանջեք ինչ եք ետ մարդուց ուզում նադաել արիք թողիք կարողա գիդեք ֆոկուզնիկա որ ֆոկուզ անի նայրիտը վերականգնվի.....
negative,Այ ողորմելիներ բա մինչև այս ուր էիք .....էնքան տգետ եք որ չե՛ք հասկանում  ժամանակ է հարկավոր այս քանդված երկիրը  ուշքի բերելու համար
negative,"Չի կարելի մարդուն խփել թիկունքից: Ձեր կազմակերպիչները թուրքից բեթար են,ուշքի եկեք..."
negative,Ուզում եք մեր հաղթանակը հողին հավասարեցնել չենք թողնի դավաճաններ
positive,"Աստված Ձեզ հետ մեր սիրելի ու հարգելի վարչապետ, մենք հավատում ենք Ձեզ և միշտ կաջակցենք Ձեզ ամեն հարցում"
positive,"Վստահ ենք  , որ արժանապատիվ կներկայացնեք ՀԱՅ ԺՈՂՈՎՐԴԻՆ, ում    մերօրյա  ՀԵՐՈՍՆ ԵՔ ԴՈՒՔ...հպարտ, անշփոթ  և , ի լուր ԱՇԽԱՐԻ, կհնչեցնեք ՄԵՐ ԱՆԿՐԿՆԵԼԻ, ՈՍԿԵՂԵՆԻԿ  ՀԱՅԵՐԵՆԸ..."
positive,"Հեսա Հայաստանի վիճակը էնքան լավա լինելու, որ էս անգամ ռուսներն են գալու մեր մոտ խոպան"
positive,"Տարիներ շարունակ, ապրում էի ՁԵՐ ՓԱՌԱՀԵՂ ելույթներով, որոնք մտրակի պես շաչում էին կեղծիքի ու անօրինության դեմքին և դառնացած կուլ էի տալիս <<ստի քմծիծաղը>> լկտի...ԿԵՑՑԵՔ, որքա~ն անթերի ու դիպուկ եք ձևակերպել....<<Քայլում եմ>> հոյակապ ստեղծագործության մեջ..."
positive,Բարի ճանապարհ և բարի վերադարձ🙏🏻🇦🇲
positive,Բարի թռիչք!!!
positive,Բարի թռիչք բարի վերադարձ Ձեզ հաջողություն
positive,Հպարտ վերադարձ եմ ցանկանում։բարի թռիչք և բարի վայրեջք։
positive,Բարի երեկո  սիրելիներս իմ հպարտ ԱԶԳ
positive,Նիկոլի ոսկեձուլ կիսանդրին էլ կկերտեն մեր ազատ Հայաստանի հեղափախական սերունդները և կտեղադրեն ԱԶԱՏՈՒԹՅԱՆ ՀՐԱՊԱՐԱԿՈՒՄ:
positive,"միշտ հիացած եմ եղել ազգովս հիմա առվել  եվս կլինեմ, ապրի մտածողը Բրավո, խոնարհվում եմ"
negative,"Պետք է հանցագործների պատկերներն նույնպես լինի այդտեղ, որ սերունդները չմոռանան…"
positive,"շատ  հուզիչ  է,  ապրեք,  շատ  ոգևորող  է."
positive,Շնորհակալություն ստեղծողին🇦🇲✊🏻🙏🏻
positive,Այ էսպիսի հարգանք վայելես
positive,"Ինչ հրաշք մտահղացում է, կեցցեք"
positive,"Հրաշալի է, խոսք չկա։"
positive,"Կեցցե հեղինակին, կեցցե...."
positive,օ՛ հրաշք աշխատանքներ են
positive,ապրի հեղինակը
positive,Հրաշք է ապրես
positive,Շատ գեղեցիկ է ստացվել 😍
positive,"Լավ է մտածված, Արամ Օհանյան, կեցցե՛ք:"
positive,Հիանալի է…
positive,Հրաշք աշխատանք կեցցեք😊
positive,"Այ սրանով ամեն ինչ ասված է,
Ժողովրդի մարդ,մեր հերոս,,,,,"
positive,"Աշխարհի ամենասիրված վարչապետը,Ձեզ քաջ առողջություն"
negative,հետաքրքիր գաղափար է; բայց նման չէ
positive,"Կեցցե՛ հեղինակը,ոգեշնչող է...."
positive,Արժանի տեղում
positive,Ինչ էլ լավ են սարգել
positive,"Հաղթող վարչապետ, հաղթող ժողովուրդ !!!"
positive,Շատ նման է քանդակը տեսնես ով է հեղինակը բրրավո
positive,"Շա՜ա՜ա՜տ  լավ   է  քանդակած,ապրեք։"
positive,Ապրես։  Ուրախություն  է։
positive,Հիասքանչ   է։   Դուխով…։
positive,ազգս փրկողը աստվածային ուշադրության է արժանի
positive,Շատ լավա
positive,Արժանի է:
positive,Ընտիր է
negative,Նիկոլին աստվածացնելու պրոցեսը սկսել է՝ լավ հոտ չի գալիս։
positive,Այս ինչ հաճելի անակնկալ է
positive,Հոյակապ է
positive,Կեցցեք կազմակերպիչներ👏👏👏👏👏
positive,"Համեստ, տաղանդավոր մարդ ջան 👍"
positive,Հրաշք գործ բռավո՜👍👍
positive,Շատ լավն է😘
negative,"Հիմա էն մարդիկ են ակտիվացել ու պահանջներ են ներկայացնում, ովքեր ոչ մի ցույցի չեն մասնակցել..."
negative,"Էդգար Սահակյան դուք կարող էք մի օրում տուն կառուցել՞։Լավ չեն անում։Եթե մենք էնք ընտրել ուրեմն պիտի մի քիչ համբերենք,եթե բան չփոխվի նոր դժգոհեք։Չի կարելի նման բաներ։"
negative,"Ախր ինչի էիք փակել մեծ մարդիկ եք չեք հասկանում, թու նեռվերիս վրա են ազդում, ես ավելի լավա չնայեմ էս հաղորդումը(((("
negative,"ԻՆՁ ՄԻ ԲԱՆ Է ՀԵՏԱՔՐՔԻՐ ԴԺՎԱՐ Է ՀԱՍԿԱՆԱԼ՞ ԱՍՎԱԾ Է ՀԱՄԲԵՐԵՔ ՄԻ ՔԻԻԻԻՉ։ԱՈՒՏԻԶՄ Է ՆԿԱՏՎՈՒՄ ԱՐԴԵՆ ,"
negative,Բա խի են ժամանակ չեիք պակում։
negative,Ինչ անդուր մարդիկ կան երկիր մոլորակի վրա որ ոչ ուղեղ ունեն ոչ գաղափար
negative,"Սրանք լռիվ աննոռմալ են.....ներվերս չի հերիքում արդեն ,"
negative,"ջան, դրանց պատժել է պետք"
negative,Լրագրող ջան կլինի էս դեբիլներին  ցույց չտաք
negative,"Կրիմինալը ակտիվացել է, սատկացնել դրանց բոլորին"
negative,Հերիքա այ ժողովուրդ՛թողեք մարդը աշխատի ։կարողա գիտեք կախարդական փատիկ ունի
negative,25 տարվա քանդածը ուզում եք 10 օրում կառուցի էտ մարդը ժողովուրդ? Անհարմարա ուղակի...
negative,ամոթա    էլի     մի     քաղաքում   էք   ապրելու    տարոնին   գովալը     թրքությունա
positive,"«կաթվածահար»`շարժման ամենահանճարեղ բառերից մեկը կրկին հնչեց, ուրեմն կասկած չկա ,որ ամեն ինչ գնում է պլանի համաձայն, պարզապեզ մի քիչ համբերություն ու ամեն ինչ իր տեղը կընկնի, ժողովուրդ ջան, մի՞թէ չհամոզվեցիք, որ մեր վարչապետը աստծո օրհնությունը ունի հայ ժողովրդին այս ճահճից հանելու համար, ուրեմն նրան առողջություն, եռանդ , մեզ էլ համբերություն։"
positive,"Այս Մարդը 10-15 օրում արեց ավելի շատ բան, քան հին իշխանությունը 15 տարում:"
positive,"Անչափ լավ մոտեցում, և  անչափ լավ բացատրություն, այսքանից հետո էլ ո՞ր դատական համակարգը կարող է սխալ գործել, բացատրված է իրենց վերջը։"
positive,"Շատ խելացի ու շատ գրագետ քայլ, թող հիմա դատավորները իսկապես մտածեն ու չքնեն, կամ <<հերթով քնեն>>"
negative,"չգիտեն ինչ անեն ,որովհետև մինչև հիմա արել են այնպես ինչպես իրենց ասվելա, կամ կաշառքի միջոցով իրականացրել են անօրինական գործեր, հիմա ստիպված պետք է ազնիվ աշխատեն , բայց չեն կարող, ոչինչ կամաց կամաց կսովորեն"
positive,Կեցցե անկախ դատական համակարգը կեցցե այդ համակարգի նախագծող ները ապրեն և գործեն Աստծո օրհնությամբ և օգնությամբ
positive,Հրաշք եք
negative,"Երաշխիքներ չկան, որ արդար վճիռներ կկայացվեն"
positive,"Ապրես ,Դու շատ ճիշտ ես։"
negative,Չգիտեմ ինչ ասեմ իմ հայացքները կիսվում են և էս էն դեպքնա որ ես կուզենայ սխալվել։  ախր սպասումները շատ մեծ են ու առանց զանգի Բաղրամյան 26-ից հաստատ դրական չեն լուծվի։
positive,"Շնորհավորում եմ ամպայման կհանդիպենք. .. Ու հուսով եմ ինչպիսի մեծ հաճույքով ու հետաքրքրությամբ կարդացի 《Նվիրվելու արվեստը կամ ձոն վարդին 》 այնպես էլ այս գիրքը կկարդամ , շնորհավորում եմ :) 👍"
positive,"շատ շնորհակալություն Ձեզ, հրաշք գիրք ...հենց նոր ավարտեցի ընթերցել🌼😘"
positive,"Շնորհավորում եմ Ձեզ հոյակապ գրքի համար, ես կադացի մեկ շնչով շնորհակալ  եմ նորից որ յուրաքանչյուր տողը ինձ հոգեհարազատ էր շատ տպավորված եմ բրավո։"
positive,"Հրաշալի գիրք էր, կարդացվեց մեկ շնչով, բայց կընկալվի ու կապրի դեռ երկար: Հիանալի գիրք էր, համեմված ժամանակակից մոտեցումներով ու համապատասխան ռոմանտիկայով: 
Շնորհավորում եմ Էդգար ջան:😊"
positive,"Բարեւ Ձեզ հարգելի Էդգար,շնորհավորում եմ  գրքի ծննդյան,ինչպես նաեւ գրողների միջազգային տոնի կապակցությամբ։
Ձեզ նորանոր բարձրունքներ եւ հաջողություններ։"
positive,"Շնորհավորում եմ Edgar Harutyunyan ...Հուսով եմ,որ մեր գրադարանը կունենա Ձեր գրքերից...մեր բոլոր երիտասարդ ընթերցողները (իսկ նրանք շա~տ են) վերջապես դրական պատասխան կստանան ...և հնարավորություն կունենան կարդալու Ձեր երկու գրքերն էլ...Եվս մեկ անգամ շնորհավորում եմ և Ձեզ մաղթում նոր ձեռքբերումներ `Ձեր ստեղծագործական կյանքում..."
positive,"Ի սրտե շնորհավորում եմ առաջինը Ձեզ, իսկ հետո ընթերցողներին և ինձ ..վստահ եմ հիանալի տողեր են լինելու, որ դառանլու  են ինձ հարազատ իմ սրտից եկած 👌👍👍"
positive,"Ինձ թվում է, որ բոլոր տողերն էլ հարազատ կլինեն, յուրաքանչյուրս կգտնենք մեզ. ......Ընթերցողը միայն կողջունի 👍👍👍👍👍👍"
positive,Շնորհավորում եմ!!!! Ես միշտ հիանում եմ Ձեր աշխատանքներով: Թող Աստված Ձեզ ուժ ու մտքի թռիչք տա։
negative,"Իսկ ես ունեմ գրքից չսիրած հատված,որ չէի ուզի գրքում տեսնել, մի տեսակ զայրացնող արտահայտություն"
positive,"ԳԻՐՔԸ ուղղակի հրաշք էր , 1 ժամ առաջ ավարտեցի ընթերցումս, շնորհավորում եմ և շնորհակալ եմ :)"
positive,"Շնոըհակալ եմ սրտանց  շնորհավորում եմ,որ կան ձեզ նման գրողներ ովքեր հիացմունքի են արժանի , այնքան եմ հուզվել գիրքը կարդալուց, մեկ րոպե աչքս չէի թերթում ուզում էի կարդալ-կարդալ էլի կարդալ, շնորհակալ եմ որ այս գիրքն իմ կյանք մտավ 
Կրկին անգամ շնորհավորում եմ 👍👍👍👍👍👍👍👍📑📑📑📑📑📑📑📑"
positive,Շնորհաւորում եմ։ Ձեր գրիչն ու ոսպնեակը միշտ թող գեղեցկացնեն կեանքը։
positive,"Շատ հավանեցի այս գիրքը
Տաղանդավոր մարդ եք 👏"
positive,"Շնորհավորում եմ,Էդգար ջան🌹🌹"
positive,Սրտանց շնորհավորում եմ)))
positive,Այսօր թանկարժեք նվեր ստացա. . . շատ ուրախ եմ :Շնորհակալություն հեղինակին. .
positive,Շնորհավորում եմ`մաղթելով ստեղծագործական  նորանոր հաջողություններ .........
positive,Ես անպայման կգտնեմ ինձ հոգեհարազատ մի բան...
positive,Շնորհավորում եմ: Համոզված եմ լավն է լինելու...
positive,"Շնորհավորում եմ,👍😊
Տաղանդավոր Մարդ"
positive,Հիանալի ոճ ունեք։ Շնորհավորում եմ )))
positive,"Շատ հրաշալի եք ստեղծագործում, ես պարզապես հիացած եմ : Մի պահ պատկերացրի, որ մոտ 50-60 տարի հետո մեծ հեղինակների հետ մեկտեղ դպրոցներում ձեր գրքերն են ուսումնասիրելու և ընթերցելու))"
positive,Ձեր գիրքը հասավ Լոս Անջելես։Աղջկաս կողմից նվեր ստացա։Շնորհակալություն ուղարկելու համար։
positive,"Շատ լավ գիրք է և կարելի է վերընթերցել անընդհատ և համարել քո՜ գիրքը, քանի  որ գտնում ես  քեզ  այդ գրքում...շնորհավոր և շնորհակալություն  գրքի ստեղծման համար"
positive,"Գնեք և կարդացեք, չեք փոշմանի, էն որ մի շնչով մեկ, մեկ ու կես ժամում կարդացի)))"
positive,Այսօր վերջապես մեկ շնչով կարդացի Չգտնված երիցուկները հիացած եմ
positive,շնորհավորում եմ հիանալի գրքի կապակցությամբ👏👏
positive,Հրաշք ստեղծագործություն է: 💛
positive,"Հատվածներ եմ կարդացել, բայց հարազատ բան արդեն կա"
positive,"Ես կարդացել եմ< Նվիրելու արվեստը ձոն վարդին>, ես ուղղակի շատ հիցած եմ և շնորհակալ եմ , որ այս ժամանակաշրջանում հանդիպ եմ, այսպիսի իմաստալի ստեղծագործության և անհամբեր ուզում եմ գնել և ընթերցել<Չգտնված երիցուկները>"
positive,Մի ժամում մի շնչով կարդացվեց։Շնորհակալություն գեղեցիկ մտքերի համար։ Ցավալի էր բայց կյանքից վերցված ինչ արած ։
negative,Ինձ շատ հետաքրքիր է թե ինչի է հեղինակը էսպիսի վերջաբան ընտրել.տխուր է բավականին .հուզիչ.իսկական սիրո նկարագրություն.....
positive,"Երկուսն էլ նվեր եմ ստացել, հրաշալի գրքեր են, մեկ շնչով եմ կարդացել😊"
positive,Իրավացի եք Էդգար ջան։ Պետք է պահենք ու գնահատենք ինչ որ ձեռք ենք բերել։
positive,Իսկական ժողովդի ծոցից դուրս եկած առաջնորդ 🖒🖒🖒
positive,Աստծու պարգեվ է մեր հայ ժողովրդուն  Աստված պահապան իրեն🙏🙏🙏🙏🇦🇲🇦🇲
negative,"Ես ինքս էլ ուզում եմ հավատալ, որ իրոք կթեթևանան զինծառայողների ընտանիքների հոգսերը: Սակայն պիտի փաստեմ, որ Արցախում, սահմանից 4-5կմ հեռավորության վրա ՙՙպալիգոններում՚՚ ծառայող ՙՙտանկիստների՚՚ մոտ դեռևս ոչ մի փոփոխություն չի նկատվում, ամեն ինչ նույնն է...
Հուսանք, որ ԱՄԵՆ ԲԱՆ ԼԱՎ Է ԼԻՆԵԼՈՒ..."
positive,զորամասերում բառիս բուն իմաստով  ամեն ինչով ապահովում են  գրում եմ որպես  զինվորի ծնող
positive,"Երիտասարդներն են հաղթել հեղափոխությունը և համբերատար սպասում են բարեփոխումների։ Մեր ժողովրդի մեջ մի մասսա կա, որ միշտ դժգոհ է և երբեք չի փոխվի։"
positive,"Երկու-երեք ամիս հետո էական ու տեսանելի կլինի բոլորիս, մեր երկրի անցյալի ու ապագայի մասին տարբերությունները պատմող ֆիլմերից ու լուսանկարներից..."
positive,"Այո, պահպանենք սիրո, համերաշխության և համբերության մթնոլորտը։"
positive,"Լուրջ, խելացի, հայրենասեր Մարդ👍"
positive,Ամեն հարց կլուծվի համբերություն և  խաղություն լինի .
positive,"Բռավոոոո, շատ ճիշտ քայլ է, թող արգելվի հնդկական ու բռազիլական(և առհասարակ) սերիալները, դրանք միայն բթացնուն են մարդուն"
positive,"հետաքրքիր մոտեցում է մնում իրականացնել: թող այդ հաղորդումները լինեն այնքան որակյալ եվ օր օրի գրավիչ,որ ունենան շատ երկար կյանք, որ մեկ երկու հաղորդումից հետո ցանկություն չառաջանա փոխել ալիքը:"
negative,Կար հեռուստաթատրոն.որ սիրով նսյում էինք.դեմ չենք նորամուծությանը.բայց մեր երեխաները թող ճանաչեն մեր սիրելիՓափազյանին.Ավետ Ավետիսյանին.ՀՐԱՉՅԱ ՆԵՐՍԻՍՅՍՆԻՆ.ԲՈԼՈՐԻՆ ՉԵՄ ԿԱՐՈՂ .ՄԻ ԽՈՍՔՈՎ ՄԵՐ ՀՐԱՇՔ ԱՆԶՈՒԳԱԿԱՆ ԴԵՐԱՍԱՆՆԵՐԻՆ
positive,"Կեցցես։ Հիմա սովորեցրեք  ձեր երեխաներին գիրք կարդալ, որ գոնե գեղեցիկ խոսել սովորեն։"
positive,Կիրթ երիտասարդներ ունենալը դա արդեն հաղթանակ է։Շատ գովելի է։
positive,"Վաաայ ապրես դու,ինչ լավ նորություն!"
positive,Ողջեւնում ենք այս քայլը և սպասում
positive,Շատ լավ է...
positive,"Այո՜, հեղափոխություն՝ կրթության, գիտության, մշակույթի ոլորտում..."
positive,"Շնորհակալություն,   ցանկալի նորություն"
positive,Շատ գովելի է։ Ողջեւնում ենք այս քայլը։
negative,Անհապաղ պետք է դրանց բոլորին կռւլակաթափ անել երկիրը թալանել են դրա համար էլ ժողովռւրդը էս վիճակռւմ է գտնվռւմ։
positive,"Apple-ն ավելի շատ ժամացույց է վաճառել, քան Rolex-ը, Swatch-ը և շվեյցարական մյուս արտադրողները միասին has been publi… https://t.co/RAHOnbS5sw"
negative,"«Ականջներիցս ծուխ դուրս եկավ». ամերիկացին պատմել է, թե ինչպես են պայթել Apple-ի անլար ականջակալները (լուսանկար,... https://t.co/N83hSGClVw"
negative,"Ամերիկայի Ֆլորիդա նհանգի բնակիչը հայտնել է, որ իր Apple AirPods  ականջակալներից մեկը պայթել է https://t.co/r58hpnvHHm"
negative,Տեղի է ունեցել Apple-ի պատմության խոշորագույն արտահոսքը. iBoot ծրագրի սկզբնական ծածկագիրը հրապարակվել է համացանցում https://t.co/9w96gP4ICa
positive,Apple Watch-ն ախտորոշում է շաքարային դիաբետը 85 տոկոս ճշգրտությամբ. Cult of Mac․ https://t.co/fCKditTt7y: https://t.co/qwHEgqbsx1
negative,"Անկապ երգ ա, բայց հա երգում եմ՝ Յա նեզավիսիմա, յա նեզավիսիմա, հեշթեգ նեզավիսիմա 😂 https://t.co/dQmgxe30au"
positive,"Հրաշալի երգ, հիանալի կատարում. բրավո՜ և՛ հեղինակին, և՛ կատարողին: https://t.co/nh6C1NhSFB"
negative,"Արա դե ինչքան կարելիա երգ գրել նրա մասին, որ դու գնացիր ես մնացի, դու սաղին տվեցիր ես մնացի: 
Հայ ռափեռների 90% Կ. գլուխ են..."
positive,Ահավոր ճաշակով երգ :) :) https://t.co/d734IxXfqe
positive,Բացառիկ երգ և տեսահոլովակ... լրիվ ապրեցի... https://t.co/uE1TSzAUq2
negative,Ուսուցչուհին ինքնասպան է եղել սարսափ ֆիլմ հիշեցն... - https://t.co/VjiuhER0M8 https://t.co/dN072HxN0e
positive,"@anamsylyan աա, երեկ ընկերներիս հետ կակառազ էդ էինք հիշում..""Արտույտների ագարակը""
 լավ ֆիլմ ա)"
positive,Հետաքրքիր ֆիլմ է սպասվում https://t.co/huB8PwWfh2
positive,Զլատանը շարունակում է մեծարվել https://t.co/BjRUKls0i4
positive,ես իրականում շատ ավելի բարի եմ
positive,"Բարի լոյս, հանգիստ և ուրախ Կիրակի մը կը մաղթեմ ձեր բոլորին;
Good morning; have a #blessed… https://t.co/TAl8Snfi4b"
positive,"Էլ ինչի՞ նման կլինի մարդը, եթե նրանից վերցնես այն ամենը, ինչ որ բարի է և գեղեցիկ: Չէ՞ որ բարին և գեղեցիկը երևակայու… https://t.co/yZHEt8vw2O"
positive,"@khamazaspyan վաայ^^
 ապրես դու շաաատ, բարի մարդ))
ցնծության մեջ եմ)"
positive,"Բարի կեսօր, Երևան:
Ջերմաստիճանը Երևանում՝ +3°:
#EVNwinter #EVNweather https://t.co/1H85dbQwEn"
positive,Բարի լույս բոլորին
negative,"Գիտես ինչ Կարինա ջան, արդեն զզվեցի, մի ասա, ես էլ կգնամ 
Բլաբլաբլաբլաբլաբլաբլաբլա
Գիտես Կարինա ջան, ես դալբայոբ եմ,… https://t.co/LxTtFLu0IC"
positive,"Երդվեց; Ծառայում է Հայաստանի Հանրապետությանը!!!
Անասելի հպարտ եմ :) 
Թող բարի լինի ծառայությունը, առողջ վերադառնա հրաշքս:"
positive,Բոլոր ուրբաթ իրիկունը խմողներին բարի ժամանց եմ մաղթում։
positive,"Բարի' օր, մեր սիրելի ժամանցասերներ:
Իսկ դուք գիտե՞ք, թե ինչ լավ երեկո է սպասվում այսօր Just Mood pub ում 🎵:... https://t.co/16Zsjetb8A"
positive,Ժպտադեմ բարի լույս :) https://t.co/IwZoCkz8hM
positive,"Ընկերս ինձ լսելով, մի բարի խորհուրդ տվեց, որը ինձ փրկեց: Նա ինձ ուշադիր լսելուց հետո, ասաց. «Քանի որ ամառ է և պարտե… https://t.co/1zlE1Lk864"
positive,"Բարի լույս:
Անվտանգ եւ խաղաղ օր ենք մաղթում բոլորին։ https://t.co/3Qs89veRbE"
positive,"Բարի օր, սիրելի' ընկերներ:

Մենք շարունակում ենք համագործակցել Օգնենք Հայ Մանուկներին Help Armenian Children... https://t.co/e9QCDQPIax"
negative,"Առավոտը բարի էր բոլորի համար, բացի իմ:"
positive,"Բարի լույս:
Անվտանգ եւ խաղաղ օր ենք մաղթում բոլորին։ https://t.co/PkEC8F3zBh"
negative,էսօր էլ մի տեսակ անիմաստ անցավ #ԳիշերՁեզ բարի։🌐 https://t.co/H8fnBLmXU7
positive,"💛Բարի երեկո 💛
Արդեն գրեթե վերջին շտրիխներն են մնացել Լիլիթի նոր տեսահոլովակը վերջացնելու համար:☺️
Ավարտելուն պես՝ տ… https://t.co/cQ64uZImyt"
positive,"Բարի լոյս, հանգիստ և ուրախ Կիրակի մը կը մաղթեմ ձեր բոլորին;
Good morning; have a #blessed… https://t.co/ck3Ivk1EKX"
positive,Օրհնեալ եւ Բարի Կիրակի Ձեր Բոլորին https://t.co/tzGNyQ81Dp
positive,"#NewProfilePicture 
Երազանքների բարի փերի, Քեզ խնդրում եմ իմ երազը վառ դու կատարիր. Ու մանուկներին , Ու մանուկներին… https://t.co/qRTKsRMgYb"
positive,"Բարի լույս:
Անվտանգ եւ խաղաղ օր ենք մաղթում բոլորին։ https://t.co/DFkGGnd9j3"
positive,Աստված բարի է: https://t.co/fkOCq389Kv via @YouTube
positive,"@blackrebel212 Ես ինձ էլ եմ սիրում ուրիշներին էլ 
հա, իմ մեջ լիքը սեր կա, հա ե սշատ բարի եմ, չէ, ես հեչ մեծամիտ չեմ"
negative,@Expctoo Բարի ճանապար
positive,"https://t.co/nN9tR8ixVv-ում ծանոթը քո աշխատասիրությունն է և որակյալ աշխատանքը․․․
Լիգիա Մկրտչյանը պատմում է իր աշխատ… https://t.co/HiEqhSK7rh"
positive,1999 թվականին Հովհաննիսյանը` Ալբերտ Սարգսյանի փոխանցումից հետո գեղեցիկ հարվածով գրավել է Մոսկվայի «Տորպեդոյի»... https://t.co/DzMdIjSRhO
negative,"RT @80narine: Միգուցե ,և շատ գրավիչ գեղեցիկ է,բայց միևնույն է չեմ կարողանում սիրել մոսկովյան ձմեռն ու սառնամանիքը 😬 https://t.co/06EG2K3yg6"
positive,Բերնարդեսկիի գոլը տուգանայինից շատ գեղեցիկ էր... 🙂🙂 https://t.co/bcy5wbLkku
positive,"Ահա, թե ինչպիսին է իրական ընտանեկան կյանքը. երբեմն բարդ, նյարդայնացնող սակայն և գեղեցիկ... https://t.co/nwLDCLmH0P"
positive,Գեղեցիկ  կարճամետրաժ վիդեոհոլովակ!!!😊 https://t.co/UmSC4keuTt
positive,Բոլոր առիթների համար շատ գեղեցիկ և անչաաա՜փ համեղ տորթեր 🍰 կարող եք պատվիրել Ամելիից https://t.co/nN9tR8ixVv-ի միջո… https://t.co/wl1ZiWf3vh
positive,"Բիզնեսի գեղեցիկ կողմը...

«Կանայք բիզնեսում» նոր ծրագրի մեկնարկ գործարար կանանց համար

Իմացե՛ք ավելին՝… https://t.co/nolS5VJLEX"
positive,Շատ գեղեցիկ է... https://t.co/3NHdApaoF6
positive,Իսլանդիայի գեղեցիկ բնությունը 🏔 https://t.co/Vq4E11wXkq
positive,"Այս գեղեցիկ տունն արդեն 90 տարեկան է և նրա յուրահատկությունն այն է, որ պատրաստված է թերթից https://t.co/oupgY8SAgl"
positive,"Բարի գիշեր, մարդիկ, Բարի Արջալույս բացվի :)
Գեղեցիկ երազներ նայեք )"
positive,6 մթերք՝ առողջ ու գեղեցիկ մաշկ ունենալու համար https://t.co/2NBl0DIEEO
negative,Գյումրու Գորկու փողոցի այս գեղեցիկ տունը քանդվում է:
positive,Գեղեցիկ ու համեղ նախաճաշ՝ նրբերշիկով https://t.co/pL5oRZr5Bb
positive,"Հարմարավետ և գեղեցիկ անկողնային պարագաներ H&amp;M-ում 👉  https://t.co/KGE5oGAg1I
➡️Գրանցվե՛ք https://t.co/ntBXRxFnFn
✈.… https://t.co/Xn3gLx8bjv"
positive,Գեղեցիկ շնորհավորանք😍👌👌 https://t.co/JDCk0zdKj9
positive,Սեմ Պարսոնսի անկրկնելի գեղեցիկ հարվածը https://t.co/TF4OzpC8tW
positive,«Ատլետիկոյի» գոլը շատ գեղեցիկ ստացվեց 🔥🔥 https://t.co/1BLZv8Gjag
positive,«Ռիվեր Փլեյթի» ֆուտբոլիստը Մեսսիի ոճով գեղեցիկ գոլ է խփել (տեսանյութ) https://t.co/IYm37zZ8EO
negative,"Ֆրակտալությունը բնության մեջ գեղեցիկ է, մարդկանց մեջ՝ անտանելի. . .
Աշխարհագրագետ-սոցիոլոգի խոհերից"
positive,Նեյմարի գեղեցիկ գոլը կարելի է դիտել անդադար⚽ https://t.co/il6iX95TqM
positive,Հենրիխ Մխիթարյանի գեղեցիկ գոլային փոխանցումը #ArsenalFC #Mkhitaryan https://t.co/x4o29VDqRO
negative,Դանիլոյի գեղեցիկ գոլը բավարար չէր հաղթանակի համար https://t.co/szAr3pwKoE
positive,Գեղեցիկ դիմահարդարում՝ Սուրբ Վալենտինի օրվան ընդառաջ https://t.co/3uArjte0ac
negative,այս գեղեցիկ  բնապատկերը ... ... գերեզմանոց է https://t.co/nliAKaznjs
positive,"[ՖՈՏՈ]
Նա կարծում է, որ յուրաքանչուր տարիքում կինը գեղեցիկ է յուրովի https://t.co/PXARs1T0pf"
positive,"Ամեն ինչ չափի մեջ է գեղեցիկ. . .
Իսկ ո՞րն է չափը, ո՞վ է սահմանել,
Ո՞վ է այդ չափը չափել ու կտրել. . .
Ամեն ին չափի... https://t.co/e6Wc2ZuYpl"
positive,"Շատ գեղեցիկ պրեմիերա Մոնատիկից
https://t.co/JXC0lKeNAc https://t.co/8Rg6BtmWXa"
positive,"Անչափ գեղեցիկ նկարներ, թե ինչ տեսք ունեն տարբեր երկրներում ապրող ալբինոսները (Photo) https://t.co/sfX8jBJqhp"
positive,"Հիանալի երգ, գեղեցիկ կատարում... https://t.co/ObJNNSwpHm"
negative,"Արդյո՞ք գեղեցիկ է, երբ մարդիկ այսպես հիվանդագին ու ծայրահեղ կերպով իրենց արտաքինը դարձնում են սարսափելի և... https://t.co/PDV8KiFO6U"
positive,"#LeJeans
Ձեռք բերեք այս հիանալի տաբատները, ըստ Ձեր ճաշակի:
Առկա է լայն տեսականի, անհավանական ՑԱԾՐ ԳՆՈՎ,
ԸՆԴԱՄԵՆԸ... https://t.co/MkNNzvt8f7"
positive,Twitter | Նավաս. «Հիանալի հաղթանակ» :: https://t.co/3PN46pIGkg https://t.co/uAqeqtQHGl
positive,"one more tomhanks to your feed 😊 〰️
«Ամբողջ կյանքում շրջապատված եմ եղել հիանալի պատմիչներով, եւ… https://t.co/HqgmCgeyy8"
positive,"ԱՆՆԱԽԱԴԵՊ ԱՌԱՋԱՐԿ! 
#3DMassager
Ձե՛ռք բերեք այս հիանալի մերսող սարքը, որը մերսում է Ձեր դեմքը, ուսերը, գլուխը և... https://t.co/koQHGrjpfS"
positive,"Ոտքից գլուխ միատոն. 10 հիանալի կերպարներ, որոնք կարող եք կրկնել https://t.co/BjwXeKpMJV"
positive,"RT @BTSArmenianArmy: INSTAGRAM | 171120 | jacksonwang852g7

Շնորհակալություն հրավերի համար: Սա հիանալի փորձ էր: https://t.co/Qw18lehWxF"
negative,"Թափառող կենդանիների խնդիրը դարձել է պետբյուջեից փող լվանալու հիանալի միջոց, բայց հարցը չի կարգավորվում. «Դինգո թիմ»… https://t.co/SpTibRZF4T"
positive,"Տերյանի պոեզիան՝ Gor Sujyan-ի հիանալի կատարմամբ։
Անպայման լսե՛ք https://t.co/pBh0SVoOa1"
positive,"Տիեզերքը կարող է ձեզ հիանալի հնարավորություններ տալ ձեր բոլոր ցանկություններն իրականացնելու համար, բայց դրանք... https://t.co/pEegUHLLIE"
positive,Հիանալի է https://t.co/wc6NqmBgSK
positive,Մարիանո. «Նեյմարը հիանալի կհարմարվեր «Ռեալում» :: https://t.co/3PN46pIGkg https://t.co/wICAwZcKVL
positive,Եվրամիության և Վրաստանի միջև գործընկերությունը հիանալի է աշխատում. Մոգերինի https://t.co/6QqqTfXcLL
negative,RIP Colin/Black. Մի քանի օր առաջ ավտովթարի արդյունքում կյանքից հեռացավ 90-ականների ևս մեկ հիանալի կատարող՝ BLACK... https://t.co/sjHiyUbDKD
positive,https://t.co/ocg5GWZiSY | Ռոբերտ Կասյանի հիանալի ելույթը՝ «Голос» նախագծում (տեսանյութ) https://t.co/uIZUKkl0Ok
positive,Հիանալի կազմ https://t.co/7wxqwcaK4e
positive,"Իսկապես, հիանալի ստացվեց👏 (ՎԻԴԵՈ) https://t.co/zN9oMhCA6l"
positive,"Հիանալի երգ, գեղեցիկ կատարում... https://t.co/ObJNNSwpHm"
positive,Պելագեյայի հիանալի կատարումը - https://t.co/Y3sUiCPzqB https://t.co/PysoaT6GXJ
negative,Երիտասարդ ընտանիքներ Արդվիում հազվադեպ եմ ձևավորվում (տեսանյութ): Արդվի համայնքի հիմնական դպրոցում 18 աշակերտ է սով… https://t.co/zv0KQK27zy
positive,Զվարճալի և հազվադեպ պատահող 😂😂 https://t.co/F5VlSYfT1t
positive,"Ահա ներկայացնում ենք Ձեզ հետաքրքրաշարժ և նախկինում ոչ հայտնի փաստեր, հազվադեպ հանդիպող բնական այս երևույթի մասին։ https://t.co/baNtqwxt3R"
positive,"10-ամյա Սոֆի Մանասյանը գերել է Հոլիվուդը (տեսանյութ): Սոֆին սիրում է օճառային պղպջակներ, պաղպաղակ և ցայտաղբյուրներ,… https://t.co/EYvljXHC4d"
positive,"Շտապեք կիրակին անցկացնել համեղ ու զվարճալի՝ «Բարեկենդան»-ի հետ
 Նյութի աղբյուրը` https://t.co/tLzIvcLhnP https://t.co/Acb3JkkWrC"
positive,Միասին զվարճալի է:
positive,"TWITTER | 180207 | BTS_jp_official 

Շատ շնորհակալություն #PON հրավիրելու համար! Մեզ համար նույնպես շատ զվարճալի էր… https://t.co/MM1JF0mjl9"
positive,"Զվարճալի ու հաճելի խաղ են առաջարկում  մեզ այս խաղամոլ  Game Pub-ականները🕹️🎮🎲:
Քոմենթում Վերնագրեք Նկարը
Ամենաշատ... https://t.co/NcG69HfFrm"
positive,Զվարճալի տեսանյութ👇😂🤣 https://t.co/NzDLVLKDh3
positive,"Զվարճալի մուլտֆիլմ, թե ինչպես ստացվեց, որ քամելեոնը սկսեց փոխել գույները․․․ 🙂🦎 https://t.co/2zbkhhGAGZ"
positive,"M&amp;M's-ի հետաքրքիր և զվարճալի գովազդային հոլովակը 👏😍⤵️⤵️

#MMs #Ads #BestAds #FinStab #FinStabPriduction https://t.co/UPEhfn4AZG"
positive,"ՖՈՏՈ. Այս տղան զվարճալի կերպով շարունակում է նմանակել աստղերին 

https://t.co/qT6veUHj1J https://t.co/BvCXMX0V3I"
positive,10 իսկապես զվարճալի լուսանկար՝ արված ամենաճիշտ պահին (Photo) https://t.co/sNx534YQKi
positive,"Դեպի լուսավոր Պորտուգալիա – ԼԻՍԱԲՈՆ 💒

Արժեքի մեջ ներառված է՝
✈Ավիատոմս՝ Երևանից
🏫 Հյուրանոցային ծառայություն 8... https://t.co/AhF2rXpOMz"
positive,Այսօր մեր ստուդիայի փոքրիկ սան Լեոնարդոյի ծննդյան օրն է🎂 Շնորհավորում ենք և մաղթում անհոգ մանկություն և լուսավոր... https://t.co/HTOK3ZQV3r
positive,Վանաձորի քաղաքապետարանը հավանություն է տվել «Լուսավոր Հայաստան»-ի առաջարկին https://t.co/Qj8V2XFhEE https://t.co/ZcsiqEHl3V
positive,"Արև, ծով, ավազ․․․անմոռանալի հանգիստ արևոտ Եգիպտոսում։
Վայելեք լիարժեք հանգիստ ԱՆՌԻՎԱ-ՏՈՒՐ տուրօպերատորի հետ💜… https://t.co/MtikTbKbUE"
positive,"Երեկվանից օդում մի տեսակ սեր կա, էն որ գարնանն ա լինում միայն ^_^"
positive,Հոլանդացի մաթեմատիկայի ուսուցիչն իր գրավիչ արտաքինի շնորհիվ սեր է արթնացնում այդ առարկայի նկատմամբ (լուսանկարներ) https://t.co/4hnXzToKYI
positive,"Անսահման սեր բոլորին․․․
Բարի և խաղաղ գիշեր․․․
#Iva_diva #ճաշակ https://t.co/T9pC64AUNo"
negative,Ոչ փոխադարձ սեր. ինչպե՞ս առաջ շարժվել… https://t.co/z0DdwA0Tam
positive,"[ՖՈՏՈ]
Իսպանացի լուսանկարիչը լուսանկարներ է հրապարակել Արցախ կատարած ուղևորությունից և սեր է խոստովանել տեղացիներին https://t.co/A1jUpcSEn2"
positive,«Երևանն ինձ միշտ ոգեշնչում է… Ո՞րն է քաղաքի Ձեր ամենասիրելի հատվածը». Սիրուշո (լուսանկարներ) https://t.co/RYnAjTKqeD
negative,Մալականի այգում 26-ամյա երիտասարդին կախված են հայտնաբերել. նա գրություն է թողել (Ֆոտո) https://t.co/ufYpEPRbxS
positive,"#MondayMotivation
Աշխատանքային շաբաթը սկսեք վառ գույներով:"
positive,Փետրվարի 13-ին սիրով հրավիրում ենք մասնակցել մեր անգլախոսների ակումբի հանդիպմանը :) https://t.co/G0bSkOBCHZ
positive,Մենք ցանկանում ենք ունենալ առողջ քաղաքացի. Կարեն Կարապետյանը ծանոթացել է Սպորտի և երիտասարդության հարցերի... https://t.co/LMhWpooGpm
negative,Կիեւի ռեստորաններից մեկում ձերբակալում են Միխայիլ Սաակաշվիլիին https://t.co/Bno8HTKQdG
negative,Ջուր չի լինի Արարատի մարզում: https://t.co/uBlxJoIdy7
negative,Աշխարհը մութ տեղ է մութ աչքերու համար..
negative,"Թիմաթին խայտառակել է պատգամավորին, որը ծեծել է #DJSmash-ին (ֆոտո/վիդեո) https://t.co/9smS2ux23g"
negative,Դաժան ու ողբերգական դեպք Երևանում. 26-ամյա տղան Մալականի այգում կախվել է (տեսանյութ) | Գ. Շամշյան... https://t.co/YIQpU7HnKG
negative,30 տարի է անցել Սումգայիթի ողբերգությունից https://t.co/QE7hQuDezt
positive,Կրիշտիանու Ռոնալդու. «Ռեալը» մեծ հարգանք է տածում ՊՍԺ-ի հանդեպ https://t.co/g9BwHPKIvZ
positive,"Սակայն ապացուցել ենք, որ ուժեղ և համախմբված թիմ ենք https://t.co/Tba1jJc5ia"
positive,«Հայաստանն ամենաերաժշտական երկրներից է». 14-ամյա Սաթենիկի կատարումը՝ «Ты супер!» նախագծում https://t.co/3r32ExPDa2
positive,Տոնական քայլերթ՝ նվիրված Բուն Բարեկենդանի տոնին | Մամուլի խոսնակ`  Երևանի քաղաքապետարան/Yerevan... https://t.co/JoZ1hhaKbP
negative,Հրադադարի ռեժիմը մինչ օրս պահպանվում է զենքի ուժի շնորհիվ. Լևոն Մնացականյան https://t.co/K79G4jAlxl
positive,"@LanaParrilla armênio:

Ես սիրում եմ քեզ ♡ @LanaParrilla"
positive,Սիրո տոնը սիրելի վայրում 😍 https://t.co/0LAJi1157g
positive,"ԼՂ հակամարտությունը միայն խաղաղ ճանապարհով է հնարավոր կարգավորել. Բուլղարիայի նախագահ
#Armenia #Yerevan #NKpeace… https://t.co/kb1xVyt1mS"
negative,Նոր Նորքում 8 ժամ ջուր չի լինի - Լուրեր Հայաստանից https://t.co/denFFU70Tz
positive,"Cuzarzo The Circle
Սիրահարների տոնի առթիվ մինչև փետրվարի 18-ը շտապեք ձեռք բերել Cuzarzo The Circle շքեղ... https://t.co/ZGQt0WvO8p"
positive,Իմ կրոնն իմ ազգն է
negative,ՀՐԱՊԱՐԱԿՎԵԼ Է ՌՈՒՍԱԿԱՆ ՕԴԱՆԱՎԻ ԿՈՐԾԱՆՄԱՆ ՏԵՍԱՆՅՈՒԹԸ https://t.co/dC0HNR5pXX
positive,"«Հավատում եմ, որ կրթությունը և գիտությունը առանցքային են մեր ապագայի համար» https://t.co/ptwitzo7jL"
negative,Խորհրդարանական ուժերին ԵԱՀԿ Մինսկի խմբի հայտարարությունը չի գոհացրել:
negative,Ավստրիայում ուղևորատար գնացքներ են բախվել https://t.co/3wYaR36rQk
positive,Երևանում տոնական քայլերթ է կազմակերպվել՝ նվիրված Բուն Բարեկենդանի տոնին https://t.co/Rwk4Qw0ABP
positive,Բերման էին ենթարկվել գրպանահատության: https://t.co/qX9qMJ9Sg6 на @YouTube
negative,Արտակարգ դեպք Երևանում. եղբայրը դանակի մի քանի հարվածներ է հասցրել եղբորը (տեսանյութ) | Գ. Շամշյան... https://t.co/CErvKbtNWS
negative,"Ինտերնետային մոլեխաղերով տարված տղան տնից գողություն է արել (ՏԵՍԱՆՅՈՒԹ)

https://t.co/oi0OM9CctD"
positive,Պատանի ձյուդոյիստները մեդալներ են նվաճել Եվրոպայի գավաթի խաղարկության փուլում https://t.co/hmUZXYkuBE
positive,"Բարի լոյս, ուրախ առողջ և յաջող շաբաթ մը կը մաղթեմ ձեր բոլորին, good morning, wishing you a… https://t.co/ZTgju3YXnP"
negative,Խոշոր ավտովթար Երևանում. 19-ամյա վարորդը BMW-ով բախվել է բետոնե պատին այնուհետև էլեկտրասյանը (տեսանյութ) | Գ.... https://t.co/DLPoDOjlNY
positive,«Ատլետիկոյի» նախագահ. «Մենք պայքարելու ենք չեմպիոնության համար մինչև վերջին վայրկյանը https://t.co/fs5V2NAs7I
positive,«Ապրում եմ իմ երազած կյանքով». Արաքսյա Մելիքյան https://t.co/dD29NxLsH6 https://t.co/PFRcE2woeV
positive,"Գեղեցիկ և անմոռանալի 7 օրյա տուր դեպի Հուրգադա : Բաց մի թողեք հնարավորությունը , մեկնեք հանգստի Բյութիի... https://t.co/m7pvbkFvv0"
negative,"Մայրը 26-ամյա տղային Մալականի այգում կախված է գտել. տղան երկտող է թողել
https://t.co/01r7yQwECU https://t.co/1tOH1r6V0b"
negative,Ան-148 ինքնաթիռը ցամաքի վրա է պայթել. ՌԴ քննչական կոմիտե https://t.co/QI8vcdEV3M
positive,Վարդան Արամյան. Ունենք սպասվածից բարձր տնտեսական աճ https://t.co/NICrGjl1AR
positive,"Գերմանացի Լաուրա Դալմայերը դարձավ կրկնակի օլիմպիական չեմպիոն
#pyeongchang2018 https://t.co/eGA92qjaw1"
negative,Ուկրաինական «Ձայնը». ժյուրին անտեսեց հանդիսատեսի բուռն արձագանքն ու չշրջվեց Լիանա Ավանեսյանի ելույթի ժամանակ... https://t.co/qQObLQVmC3
negative,Մահվան ելքով վրաերթ Երևանում. անհայտ մակնիշի ավտոմեքենան վրաերթի է ենթարկել հետիոտնին և փախել (տեսանյութ) | Գ.... https://t.co/YGQMvA4YVj
positive,Ծաղկաձորում մեկնարկվեց ՀՀ ԳԱԱ  Գիտակրթական միջազգային կենտրոնի Շրջանավարտների միավորման և կարիերայի  զարգացման բաժն… https://t.co/CpAilH8jsI
negative,տանից դուրս գալու եւ այլեւս չվերադառնալու տրամադրություն
positive,Ֆուրկադն այսօր պարզապես փայլեց https://t.co/LIuc73vuCq
positive,Առողջ ապրելակերպի տարածումը չափազանց կարևոր է. վարչապետը ծանոթացել է Սպորտի և երիտասարդության հարցերի նախարարության… https://t.co/u0SkGdaf5q
negative,«Անկման պահին ինքնաթիռն ամբողջական է եղել. պայթյունը տեղի է ունեցել անկումից հետո». ՌԴ ՔԿ... https://t.co/Ohm6RIqe6g
positive,Հայկական արմատներով գեղասահորդուհի Եվգենիա Մեդվեդևան համաշխարհային ռեկորդ է սահմանել https://t.co/2htlC9yrRN
positive,"Երևանում կմեկնարկեն բակերի և զբոսայգիների բարեկարգման, ինչպես նաև նկարազարդ կամարանցումների թարմացման աշխատանքները https://t.co/WJBsjHDL0k"
positive,"[ՎԻԴԵՈ]
Երգչուհի Սրբուհի Սարգսյանն իր կատարմամբ ստիպել է դեպի իրեն շրջվել ուկրաինական «Ձայնը» նախագծի 4 մարզչից 3-ին https://t.co/SN3X06dEoJ"
negative,Դատախազության կողմից դատարան բերված կեղծ թարգամանության հիման վրա կալանավորվել է ՌԴ քաղաքացի Արտեմ Սատալկինը https://t.co/KxjR5ZD5oX
positive,Աշխարհի Լավագույն Կղզիները Ռոմանտիկ Հանգստի Համար https://t.co/h5OaIegRdl
negative,Երևանում բախվել են 24-ամյա վարորդի Opel-ը և 63-ամյա վարորդի Nissan-ը (տեսանյութ) | Գ. Շամշյան... https://t.co/iFStebI76u
negative,Երևանում բախվել են 22-ամյա վարորդի Infiniti-ն և 31-ամյա վարորդի Mercedes-ը (տեսանյութ) | Գ. Շամշյան... https://t.co/O60AgDxzeJ
negative,Մահվան ելքով վրաերթ Ռոստովյան փողոցում. վարորդը ձերբակալվել է: ՀՀ քննչական կոմիտեի Երևան քաղաքի քննչական վարչությու… https://t.co/OZbqK36lv0
positive,Տեղի են ունեցել հայ-բուլղարական բարձր մակարդակի բանակցություններ: Բուլղարիայի նախագահի պետական այցի շրջանակներում Ն… https://t.co/vGFMGxjTx6
negative,"Ես տեղ հասա, իսկ նա՝ ոչ. մոր զոհվելու մասին լուրը հայ տղան իմացել է նորություններից https://t.co/klFivuaCs0"
negative,Սիրիայում ևս մեկ ադրբեջանցի զինյալ է սպանվել - Լուրեր Հայաստանից https://t.co/327cqW2arq
positive,«Ես կցանկանայի շարունակել երգել և ծերանալ` ինչպես Ազնավուրը». Սթինգ https://t.co/KZpNGLl9Jt https://t.co/32CCW4Mtrq
positive,"Ընդլայնվում է հայ-ֆրանսիական համագործակցությունը սեյսմիկ պաշտպանության ոլորտում
https://t.co/I2uv9PnleM https://t.co/WizcOD2QWt"
negative,Մահվան ելքով վրաերթ Ռոստովյան փողոցում. վարորդը ձերբակալվել է https://t.co/vuGOIQSy3g
negative,Մահվան ելքով վրաերթ Ռոստովյան փողոցում. վարորդը ձերբակալվել է https://t.co/DBvxuunppC
negative,Օլիմպիական խաղերի մրցավայրում նորովիրուսով վարակվածների թիվը մեծանում է https://t.co/2eJ9MqUovP via @ArmTimes
positive,"Կմեկնարկեն բակերի և զբոսայգիների բարեկարգման, ինչպես նաև նկարազարդ կամարանցումների թարմացման աշխատանքները. Երևանի ք… https://t.co/HnFG5hNIV2"
positive,"[ՎԻԴԵՈ]
Պատանի և տաղանդավոր Րաֆֆի Անտոնյանը փայլուն ելույթ է ունեցել ֆրանսիական «Ձայնը» շոուում https://t.co/GYIUfvqXrj"
negative,"Ոստիկանության N զորամասի մոտ 19-ամյա վարորդը BMW-ով բախվել է բետոնե պատին, այնուհետև էլեկտրասյանը. կան վիրավորներ -… https://t.co/XO00bnIxah"
positive,"Ֆրանսահայ Րաֆֆի Արտոն տպավորիչ ելույթ ունեցավ ֆրանսիական «Ձայնը» նախագծում, ու ժյուրին այն գնահատեց 
https://t.co/hcynPiss46"
positive,"Վազգեն Գաբրիելյան. « Շնորհակալ եմ, որ մրցանակը ինձ հանձնվում է Հրանտի ներկայությամբ» (տեսանյութ) | Առավոտ... https://t.co/STgpqOLaQO"
positive,"«Այս շաբաթն էլ կանցնի գարնանային», - գրել է նա Facebook-ի իր էջում https://t.co/eeKckVJaiu"
negative,"22 ավտովթար երեք օրում. զոհվել է մեկ, վիրավորվել՝ 28 մարդ
#ավտովթար https://t.co/73SHFlASFV"
negative,"Հայ շախմատիստները ձեռնունայն են վերադառնում «Ֆաջր»-ի գավաթի խաղարկությունից
https://t.co/GyipgIdgLY https://t.co/IuBFJ3XjUj"
positive,"Տոնական քայլերթ՝ նվիրված Բուն Բարեկենդանի տոնին https://t.co/8ADC0awinD
#ԲունԲարեկենդան https://t.co/zUA0llGtFS"
positive,"Կմեկնարկեն բակերի և զբոսայգիների բարեկարգման, ինչպես նաև նկարազարդ կամարանցումների թարմացման աշխատանքները… https://t.co/SDWY06PC03"
positive,աստված էս էնքան սիրուն ա լացս եկավ https://t.co/QhwORisP3t
positive,Ինչպես Սրբուհի Սարգսյանը հիացրեց ուկրաինական «Голос страны»-ի մարզիչներին և ստիպեց հիշել հայերի հետ կապը https://t.co/TrOtzMPjH8
positive,Երեւանի հետիոտնային անցուղիները պատշաճ կլուսավորվեն https://t.co/jRJtOpQ4NN @EVNmunicipality #Yerevan https://t.co/yI1qBNL2mJ
negative,Դավիթ Պիպոյան. «Հայաստանը աշխարհի վատագույն սննդակարգ ունեցող երկրների
positive,Երջանկության սննդակարգ https://t.co/fEV6chNLfL
positive,Միջպետական և հանրապետական նշանակության բոլոր ավտոճանապարհները բաց են https://t.co/UYsRbCL6RX
positive,Բիաթլոն. Լաուրա Դալմայերը դարձել է օլիմպիական կրկնակի չեմպիոն https://t.co/F2K9zURKwP
positive,Նա փրկեց 669 երեխայի Հոլոքոստի ժամանակ: Հերոս 😢😭 https://t.co/jYQVFVUnJp
negative,"Դասախոսիս հարցազրույցը https://t.co/XluVji6aXn-ին

Այժմ դժվար է աշխատանք գտնել եւ իմ առջեւ դրված խնդիրներից մեկն է… https://t.co/agW2NSfLmA"
positive,Նվարդ Քոչարյան. եթե քաղցկեղը վաղ է հայտնաբերվում բուժման արդյունավետւոթյունը շատ բարձր է լինում: (տեսանյութ) |... https://t.co/Tby1ApFEOP
negative,"Վրաերթ Ռոստովյան փողոցում. տարեց կինը տեղում մահացել է (ԼՈՒՍԱՆԿԱՐՆԵՐ)

https://t.co/71wIbpBRg2"
positive,Վերադարձրեցի ավիատոմսերը. Սոչիի բնակիչը հրաշքով խուսափել է ԱՆ-148 օդանավի կործանումից https://t.co/T4jub9uGwZ
negative,"Երևան-Մեղրի ճանապարհին բեռնատարն ընկել է ձորը. վարորդը մահացել է
 
httphttp://www.police.am/news/view/%D5%B4%D5%A1%… https://t.co/8wI8k3lHXs"
negative,"Իրանում ավտոբուսի վթարի հետևանքով 9 մարդ է զոհվել
https://t.co/8ALThgZQTP https://t.co/9aocdRUbrH"
positive,"Վազգեն Գաբրիելյան. « Շնորհակալ եմ, որ մրցանակը ինձ հանձնվում է Հրանտի"
positive,"Մեր զարմանահրաշ և բազմակողմ աշխարհում գոյություն ունեն բազմաթիվ ավանդույթներ: Ավանդույթը, որի մասին հիմա... https://t.co/1T5LQS3DsK"
positive,Գագիկ Սուրենյան. «Այս շաբաթն էլ կանցնի գարնանային» https://t.co/qNfwlEsYUa
positive,"Ուրախ ենք տեղեկացնել, որ #ԳՏԿ-ում վերսկսվել են դպրոցականների համար նախատեսված վեբ ծրագրավորման և անգլերենի... https://t.co/T2JN5qf1mo"
positive,"Ախպորս էրեխեն էսօր ծնվեց։ Սպասում եմ մեծանա, որ նկարների տակ գրեմ հորքուրի գանձ։"
positive,Ինչպես Սրբուհի Սարգսյանը հիացրեց ուկրաինական «Голос страны»-ի մարզիչներին և ստիպեց հիշել հայերի հետ կապը (Video) https://t.co/Y4U1uiRO9R
positive,Ինձ հաճելի է Մենչի հետ աշխատելը. Գարիկ Սեփխանյանը՝ «Ֆուլ հաուս» 2-ի մասին https://t.co/8sZvfAc1FP
negative,Աշտարակում բախվել են Lexus-ն ու ВАЗ 21013-ը. կան վիրավորներ. ՖՈՏՈՌԵՊՈՐՏԱԺ https://t.co/uEVcTHeoIy
negative,Վրաերթ Ռոստովյան փողոցում. տարեց կինը տեղում մահացել է (ԼՈՒՍԱՆԿԱՐՆԵՐ) https://t.co/QIg1lXO6mQ
positive,Էսօր ռռռոմանտիկ տրամով եմ արթնացել 😂😘😎 https://t.co/5aefHudRtG
positive,Մազաթափությունը կանգնեցնող և մազերի աճին նպաստող միջոց https://t.co/9BHb4REoMn
positive,"Այսօր կոմպոզիտոր, դիրիժոր Եղիշե Բաղդասարյանի ծննդյան օրն է https://t.co/JmKYNc08ca"
positive,7 տարի առաջ այս օրը գրանցվեց Անգլիայի Պրեմիեր լիգայի պատմության ամենագեղեցիկ գոլերից մեկը  ⚽ https://t.co/z2FchSLWeZ
negative,"լավ, ստիպված պետքա մեռնեմ 
who cares"
positive,Հայազգի գեղասահորդուհու ռեկորդային ելույթը օլիմպիական խաղերում (տեսանյութ) https://t.co/Uiq5VptrYX via @ArmTimes
positive,@khamazaspyan ինքն էլ ա լավը շաատ)
positive,@khamazaspyan բայց սիրուն անուն ա շատ)
positive,Առողջություն և Գեղեցկություն 12.02.2018: https://t.co/8jDs0f65Jb на @YouTube
negative,«Հայաստանն առաջինն է անառողջ սննդակարգով». Դավիթ Պիպոյան https://t.co/2u50ZmeF5M
positive,«Երկար սպասված հանգիստ» https://t.co/evvMJF0RGa
positive,"@khamazaspyan ոչ մի դեպքում...
ինչ անում ա, շատ լավ ա անում :դ"
positive,"@anamsylyan շատ հավես նկար ա, ապրես շաատ 😘"
negative,Վենեսուելայի հանքերից մեկում հատուկ գործողության ընթացքում 18 մարդ է սպանվել https://t.co/RxMNZUgXg3
negative,ՏԵՍԱՆՅՈՒԹ. Կարագի գները միջազգային շուկայում կրկին բարձրացել են. ինչ է սպասվում Հայաստանում... https://t.co/id9BDJrEle
positive,Այսօր Սերգեյ Սարաջյանի ծննդյան օրն է https://t.co/7Sp0sPfFn9
positive,"Հունական ''Hotos'' պանիրների համտես ՍԱՍ սուպերմարկետներում
Լավագույնն ու որակյալը մեր հաճախորդների համար"
negative,"Ճապոնիայում ձյան ռեկորդային տեղումների պատճառով զոհեր են գրանցվել
https://t.co/u6yvDZJWoI https://t.co/fGJimZipui"
positive,"ՖՈՏՈ. Ես հաճույքով եմ հիշում տասը տարի առաջ կատարած այցս. Սերժ Սարգսյանը Ռումեն Ռադևին 

https://t.co/fQbQbvRwux https://t.co/ONclW8IEkQ"
positive,Իրական գեղեցկությունը մարդու սրտի մաքրության մեջ է:
positive,"Կանքը անսահամանափակ հնարավորություններ է առաջարկում նրանց, ովքեր ՀԱՄԱՐՁԱԿ են ու նախաձեռնող:"
negative,"• Մոսկվայում կործանված օդանավի անձնակազմն ու բոլոր ուղեւորները զոհվել են. զոհերի թվում երկու հայ կա,
• Արմեն... https://t.co/DrtjMMWGPB"
positive,"RT @OdearOgy: էն որ լսում ես դուրդ ահավոր գալիս ա, նորից ես միացնում, որ լսես ու նկատում ես կոսպլեյէրի վզնոցը աաաա❤️❤️❤️
https://t.co/1JBnQ…"
positive,"Մանկությունը հիմքեր է ստեղծում քո երազանքների համար,քո ամբողջ կյանքի համար: Հետագայում քո մանկության հիշողություննե… https://t.co/V8xf3VqN8g"
positive,"Հանցագործությունների բացահայտման արդյունավետությունն աճել է 5,3%-ով https://t.co/CeLfKZTj6d"
positive,RT @emptyfear: Կարելի ա ուղղակի հիմա ոչինչ չանել ու երջանիկ լինել։
negative,Կրակ ճանապարհին. Չինաստանում գազով բեռնատար է այրվել https://t.co/mlGtXdsBjr
positive,"Այ սա է իրական ԵՐՋԱՆԿՈՒԹՅՈՒՆԸ 😘😍💋, այլ ոչ թե Ձեր iPhon-ները... https://t.co/canObV2GyH"
positive,"RT @BTSArmenianArmy: @BTS_twt TWITTER | 180217 | BTS_twt 

| JIMIN | Հոփի-հյոնը լավ տեսք ունի այստեղ, դրա համար էլ բեռնում եմ
Չկա այնպիսի ն…"
positive,«Ռոմայի» վստահ հաղթանակը #SerieA https://t.co/bVpa4wRQGA
negative,ՖՈՏՈ․ Մելանյա Թրամփը կրկին հրապարակավ մերժել է ամուսնուն՝ դավաճանության մասին սկանդալից հետո... https://t.co/GfOkAUO5zT
negative,ԱՄՆ-ի կիբեր հարձակումների պատճառած վնասը 109 միլիարդ դոլար է հայտարարվել https://t.co/BlUdSvt9b8
negative,Տիբեթում հրդեհվել է ՅՈւՆԵՍԿՕ-ի համաշխարհային ժառանգության մաս կազմող տաճարը (տեսանյութ) https://t.co/i5vNN23KWi
negative,Թուրքիան Սիրիայում քիմիական զենք է կիրառել https://t.co/qz62kjV0Jg
negative,Ես ուզում եմ մեռնել
positive,"RT @BTSArmenianArmy: Այսօր մեր արեգակ Ջեյ-Հոփի ծննդյան օրն է! 
Ուզում եմ ի սրտե շնորհավորել նրան և ցանկանալ ամենալավն ու բարին, միշտ շրջապա…"
negative,"Խոշոր ավտովթար Լոռու մարզում. բախվել են ազգականների Mitsubishi-ն և Volkswagen-ը, ինչի հետևանքով վերջինս շրջվել... https://t.co/lqjWbRpTZU"
negative,Արցախի հարցին սպառնացող ամենամեծ վտանգն արտագաղթն է. պատմաբան Արմեն
negative,Խոշոր վթար Իսակովի պողոտայում. կան վիրավորներ (ֆոտո) https://t.co/M72mQMwujl
negative,Նիգերիայում տեղի ունեցած ահաբեկչության հետևանքով առնվազն 20 մարդ է մահացել https://t.co/NL2KCAeAfZ
negative,"Մեքսիկայում կործանված ուղղաթիռի զոհերի թիվը հասել է 13-ի
https://t.co/ysefQpVY45 https://t.co/uB3q21j7WM"
positive,"RT @BTSArmenianArmy: Այսօր մեր արեգակ Ջեյ-Հոփի ծննդյան օրն է! 
Ուզում եմ ի սրտե շնորհավորել նրան և ցանկանալ ամենալավն ու բարին, միշտ շրջապա…"
positive,Բրավո՜ Հասմիկ &lt;3 Հզոր ձաաայն: Առաջ դեպի հաղթանակ 🇦🇲️🇦🇲️ Մենք քեզ հետ ենք https://t.co/qzFn4gy9Ac
positive,"#GoldenHobiDay 
#JhopeDay
#ILOVEYOUJHOPE
@BTS_twt 
իմ ապերրր իմ մեծննն շնորհավորում եմ կյանքս, ցանկանում եմ ամենալա… https://t.co/dzsphEPJUe"
negative,"Վրաերթ Երևան-Երասխ ճանապարհին. 71-ամյա տղամարդը մահացել է
 
https://t.co/v9u7hBHb33"
negative,Խոշոր վթար Իսակովի պողոտայում. կան վիրավորներ - https://t.co/HKA1cHK8kZ https://t.co/h6T9fbmNxl
positive,Դա հիանալի է երբ ձեր տունը միշտ ձեզ հետ է:
positive,"ՀԿ-ի ղեկավարի խոսքով, կենտրոնում երեխաները կկարողանան ստանալ անվճար ծառայություններ, այդ թվում`անհրաժեշտ... https://t.co/sojBBTekVb"
negative,"Վրաերթի են ենթարկվել 21-ամյա, 71-ամյա և 31-ամյա քաղաքացիներ - Լուրեր Հայաստանից https://t.co/r270VH5593"
positive,"Այս զույգը նշել է իրենց ամուսնության 23-ամյակն ու միաժամանակ ապացուցել, որ սիրո համար խոչընդոտներ չկան https://t.co/0SyI9K6Aeg"
negative,Թուրքիան Սիրիայում քիմիական զենք է կիրառել https://t.co/6mGX9pBqld
negative,"Անցած շաբաթ Ադրբեջանը շփման գծում հրադադարի ռեժիմը խախտել է շուրջ 250 
անգամ https://t.co/3qWTcw3m5c"
positive,Նոր դեղորայքի մեկ չափաբաժինը բուժում է գրիպը մեկ օրում https://t.co/xEGzwcTrok
negative,Սևանում 55-ամյա քաղաքացի է անհետացել. ափամերձ հատվածում հայտնաբերվել է կորածի ծխախոտն ու կրակայրիչը https://t.co/5PBacW7xYV
positive,"Բենատիա. ««Նապոլին» գեղեցիկ է խաղում, սակայն «Յուվենտուսը» ուժեղ է» https://t.co/j1og77TWob"
positive,Փհենչհան-2018. Կանադան հերթական ոսկե մեդալն է նվաճել https://t.co/UTMdO6WOS8
negative,Ջանլուիջի Բուֆոն. Հաճախ եմ լաց լինում և դա անում եմ միայնակ https://t.co/xXyemJRcbs
negative,Նա չստացված երգիչ է. Մհերի պրոդյուսերը` Հայկ Կասպարովի սկանդալային հայտարարության մասին https://t.co/TzMHqFoCKf
positive,"Ջա՜ն, Համասյանի նոր ""For Gyumri"" ալբոմը արդեն թողարկվել ա։ Էս մեկն եմ դնում, ում էլ մնացածը պետք ա, լսելու ձև կգտնի… https://t.co/ss8pwlFmm8"
positive,Շատ լավ գին է! https://t.co/BH3eeeC0c7
positive,Շատ լավ բան է։ Արժե ունենալ... 😮👍 https://t.co/iQ86KVyCdF
positive,Ուզում եմ նորից վերադարնամ տննդյանս օրը 😭😭  ինչ լավ էր կարուտում ոմ ետ օրը😍😣
positive,"«Նրանց արձագանքը ցույց տվեց, որ թիմն ու երկրպագուները միասնական են, դա շատ լավ է»,- ասել է «Լեսթերի» գլխավոր... https://t.co/3IDIlkFYBs"
positive,"ամեն ինչ լավ է, ես գոհ եմ"
negative,Մոուրինյո. Պոգբան հիմա լավ չի խաղում #Mourinho #Pogba #MUFC #EPL https://t.co/VEAWaSfm9t
positive,Հասակակից սիրահար զույգը Սուրբ Վալենտինի օրը հիշեց իրենց 26 տարվա բարի ու լավ օրերը. ՖՈՏՈՌԵՊՈՐՏԱԺ https://t.co/OPB1irPtWa
negative,լավ չի էլի... https://t.co/AXloOExL2o
positive,Արսենալի գլխավոր մարզիչ. Մխիթարյանը շատ լավ խաղ անցկացրեց https://t.co/aIAuXeqjaJ
positive,"Ամեն ինչ հեռավորության վրա նենց հաճելի ա. ոչ մեկը չգիտի մյուսին, միայն հաճելի ու խորհրդավոր պատկերացումներ են
Սենց լավ ա"
negative,"Ոստիկանությունը լավ չի որոնել անհետ կորածներին. նրանք այսօր ցած են նետվել կամրջից 

https://t.co/geBXiWt52Q https://t.co/qYYoTcLNes"
negative,"Սրանից լավ հոտ չի գալիս. ԱԳ փոխնախարարը Երեանի ավագանու միջադեպի մասին
#ծեծկռտուք https://t.co/tJnmBHfMCF"
positive,Lady in Yellow 💛 Դեղին և իհարկե լավ տրամադրություն💛💛💛
positive,"Նա լավ է հասկանում ֆուտբոլը, հիանալի տեսնում է ամեն ինչ, ֆանտաստիկ տեխնիկա ունի ու լավագույն խաղացողն է իր դիրքում https://t.co/Nk7LEonTtE"
negative,"Այն, ինչ տեղի ունեցավ երեկ շատ տհաճ էր, բայց որ էս մարդկանց բազմամյա խնդիրն ի վերջո բարձրաձայնվեց, լավ է: https://t.co/dBBQTjTHAl"
positive,Բավական լավ վերլուծություն․․․ https://t.co/KjBt3yCXYf https://t.co/mgELEluFOq
negative,"ՊԵԿ-ը շատ հարկեր է հավաքել, սակայ վճարած հարկերի ուսումնասիրությունը լավ բանի մասին չի խոսում. «Հայկական ժամանակ» https://t.co/j5kDMZPqim"
positive,"ասենք կյանքումս ամեն ինչ էնքան կարգին ա, էնքան հանգիստ, էնքան  լավ եմ զգում 
ԱՄԵՆ ԻՆՉԻՑ ԳՈՀ ԵՄ"
positive,"@curlygll @vardzelyan լավ, խոստանում եմ, ես քեզ չեմ հիասթափացնի &lt;3"
positive,"Ծնունդդ շնորհավոր մեր արև, ես անչափ երջանիկ եմ որ ճանաչում եմ քեզ դու իսկապես մեր հըւյսն ու հրեշտակն ես: Սիրում եմ քեզ: ❤❤❤ #GoldenHobiDay"
positive,"«Մանկութեան օրեր, երազի նման...Ո՜հ դուք երջանիկ, ո՜հ անհոգ օրեր:» 💫 https://t.co/iI6w5TCcRv"
negative,Պոգբան երջանիկ չէ ՄՅՈւ-ում և մտածում է ակումբից հեռանալու մասին - Սպորտային լուրեր https://t.co/GPGyoPQqCH
positive,"Մխիթարյան. «Երջանիկ եմ, որ Օբամեյանգը «Արսենալում» է» https://t.co/HlVb00smkM"
positive,"Սիրելի ընկերներ,

շնորհավորում ենք Ձեզ Վալենտինի տոնի կապակցությամբ և մաղթում լինել այնքան երջանիկ ու սիրված,... https://t.co/u8pYvHj1oP"
positive,"Եթե ուզում ես երջանիկ լինել, առաջին հերթին պիտի հավատաս, պայքարես ու երբեք չդադարես ՍԻՐԵԼ. Սիլվա Հակոբյան https://t.co/qndesdmlQl"
positive,"@RwanMussiry Ես սիրում եմ քեզ, մաղթում եմ ձեզ երջանիկ օր ♥️"
positive,"երջանիկ ծննդյան ինձ համար,😘😘"
positive,Զիդան. Երջանիկ եմ Ռեալում ու ցանկանում եմ շարունակել աշխատել թիմի հետ https://t.co/gRLmBCqkqN
positive,"Մենք երջանիկ սերունդ ենք. Աշոտ Ղուլյանը` Ղարաբաղյան շարժման 30-ամյակի մասին (Ֆոտո)
#ղուլյան https://t.co/MZe3pYpOIG"
positive,Երջանիկ պատահականությամբ ողջ է մնացել. նա կնշի իր 2-րդ ծնունդը
positive,"https://t.co/MZSqRHp2XO
Սոչիի բնակիչ Մաքսիմ Կոլոմեյցևը երջանիկ պատահականությամբ չի դարձել կործանված... https://t.co/IqNHk2HDaO"
positive,"""Մոհամեդ Սալահ․ «Ես երջանիկ եմ «Լիվերպուլում»»"" https://t.co/IxUSzT9nRN"
positive,"Ստեղի թվիթները կարդալուց ես ջոգում եմ, որ մեր ազգը կլիներ կատարյալ երջանիկ, եթե սաղ ստանաին իրանց քննությունները, գ… https://t.co/4Gj3Roy2NN"
positive,"Մորատա. Շատ երջանիկ եմ Չելսիում, բայց Ռեալը մնում է Ռեալ https://t.co/KZ1tF6nWfZ"
positive,RT @emptyfear: Անծանոթ մարդկանց մեջ ավելի հեշտ ա երջանիկ լինելը։
positive,"Թարմ շունչ Ձեր ննջարանում !!!! 🙂🏠💌🌱🦋
Որակյալ և գունեղ անկողնային հավաքածուներ: 👍
ԱՌԱՔՈՒՄԸ՝ ԱՆՎՃԱՐ 😉📢📣🔔 Մանրամասները… https://t.co/jKeGmEgE5x"
positive,"Որակյալ, Մատչելի և գեղեցիկ տեսականին այժմ ԱՌԿԱ Է Հայաստանում: Առաքումը 1 օրվա ընթացքում:
Պատվիրեք մեր գործընկեր... https://t.co/TX7uDPtBPm"
positive,"Որակյալ ջինսե տաբատը տղամարդու զգեստապահարանի անփոխարինելի մասն է։👖
🆕Նոր տեսականի ➡#Hovvens տղամարդկանց խանութ սրահ… https://t.co/72BJzPkNdp"
positive,"💑😉Անցկացրեք #սիրահարների #տոնը մեր հետ միասին 🇦🇲🇧🇷#Պիոներ #Բրազիլական #ռեստորանում🇧🇷🇦🇲, վայելելով որակյալ կենդանի ե… https://t.co/V5IMh7CQfx"
positive,"Որակյալ մարզաքարեր՝ ամենօրյա մարզումների համար: 
Երբ առողջությունն առաջին տեղում է:
https://t.co/9CVFSEOn5E
#sport… https://t.co/0RMEerLC9x"
positive,«Խթանում ենք որակյալ սպայական անձնակազմի մուտքը դեպի ՀՀ զինված ուժեր». Վարդան #Արամյան https://t.co/41Sb3qJVO3
positive,"«Պինդ եղեք, ամուր կացեք, մենք ձեզ հետ ենք»:
ԵԽ պատգամավոր Ֆրանկ Էնգել https://t.co/4n2UF6ezlb"
positive,«Ամուր պահեք ու պահպանեք ձեր սերը». ինչպես են Արամեն և Աննան նշել Սբ. Վալենտինի տոնը https://t.co/1Nt6QN1Y0C https://t.co/Rfo24JN2fK
positive,"Ամուր հարաբերությունների երկու գլխավոր բաղադրիչները
#ամուրհարաբերություններ https://t.co/Gx0KDyCmx2"
positive,"Ամուսինս ինձ ամեն օր սեր է խոստովանում. Թեւան Պողոսյանի կինը գիտի` ինչպես ստեղծել ամուր, ներդաշնակ ընտանիք (Photo) https://t.co/7TqgRB9mFN"
positive,Նման կնոջից ամուսինը երբեք չի հեռանա.այսպիսի կանայք ամուր ընտանիք են ունենում https://t.co/0aKwmtcDuC
positive,Մահից փրկված կարապն ամուր փաթաթվել է իրեն օգնած տղամարդուն և հուզել բոլորին (լուսանկարներ) https://t.co/ruoO9NSEC0
positive,"Արցախ մեռնեմ քո պայգարի ճշտութեան; ամուր կանգնիր, ամուր կանգնիր մենք կ՛ուգանգ:

#մէկերգամենօր"
positive,Հայաստանի հավաքականի հարձակվողը կայուն կերպով խաղում է https://t.co/wz3xsefHiI
positive,Խոհրդարանում հրեաների պատգամավոր.«Իրանը կայուն խաղաղություն է ցանկանում ողջ աշխարհի համար» https://t.co/bMeoGcaGth
negative,Գյուղատնտեսության պետական ֆինանսավորման 70 տոկոս աճը բավարար չէ ոլորտի կայուն զարգացման համար.Վ. Արամյան https://t.co/mB5yI1vMvE
negative,"Հայաստանի կայուն արևածագերի տարում ես լքեցի այն։ 
Վասն զի ոչինչ կայուն չէ այս երկրում։"
negative,"ժողովուրդ մոտակա ժամանակները կենդանաբանական մի այցելեք, ասում են ուժեղ տուբերկուլյոզի համաճարագ ա կենդանիների մոտ"
positive,"Իսկ ուժեղ լինելու համար հարկավոր է լավագույնը լինել...

Պ. Կոելյո «Տասնմեկ րոպե» https://t.co/qdkXZSntu3"
positive,"«Արդեն ցույց ենք տվել, որ Չեմպիոնների լիգայում մենք միասնական, ուժեղ և փորձառու թիմ ենք․․․» https://t.co/eoYKAj6hlk"
negative,Հայկական «զենք». քաղցկեղի դեմ դեղերը կսկսեն չորս անգամ ավելի ուժեղ «ռմբակոծել» https://t.co/smn76IciNy
positive,"Սակայն ապացուցել ենք, որ ուժեղ և համախմբված թիմ ենք https://t.co/Tba1jJc5ia"
positive,"RT @erics_ericuk: իրականում, էնքան հեշտ ա ապրելը...
առանց ձև ու ձևականության, չարության,
պարզ ու արդար խղճով,
ինչ-որ մեկի բարևի համար,
հանո…"
positive,"@degerogh բայց Ռուզվելտն, իրոք, շատ ուժեղ ու օրինակելի քաղաքական գործիչ ա)"
positive,"Գիտեմ ու վստահ եմ,
վաղը պիտի փորձեմ
ուժեղ լինել Քեզանով,
հոգիս պիտի մխիթարվի Քեզանով,
և շունչս
պիտի իմաստավորվի Քեզանով։"
positive,Արմեն Սարգսյանն ուժեղ առաջնորդ է. Լորդ Արա Դարզին ողջունում է նրա թեկնածությունը ՀՀ նախագահի պաշտոնի համար https://t.co/GYMKkHf4Fo
positive,«Արմենին ճանաչում եմ երկար տարիներ. ծանոթ եմ նրա շատ  հատկանիշներին. նա ուժեղ առաջնորդ է». Արա Դարզի (տեսանյութ):… https://t.co/8umwaXrcgD
positive,"Կլինեմ ավելի ուժեղ. Օզբիլիս
https://t.co/NRHykZRLV2 https://t.co/AqA6KmuFuN"
positive,«Լիոնը» ուժեղ գտնվեց Միշել Տեր-Զաքարյանի «Մոնպելյեից» https://t.co/dpGh1yeJWZ
positive,"Արդյունավետ ռազմավարություն նրանց համար, ովքեր ցանկանում են դառնալ հաջողակ պրոֆեսիոնալներ https://t.co/nbg6evuHJI"
positive,Բենզեմայի արդյունավետ խաղը՝ «Բենիտո Վիլյամարինում» :: https://t.co/3PN46pIGkg https://t.co/2T9zyreZQR
positive,2017 թվականին արդյունավետ էր վիրուսային հեպատիտ C-ով 1000 հիվանդի անվճար բուժումը։ https://t.co/h6VdrM4eDt
positive,Գորգը ամենաարագ և արդյունավետ կերպով մաքրելու ամենահեշտ միջոցը․ ոչ մի մանրէ չի մնա https://t.co/GkpAecNbPh
positive,"Ավագանու արդյունավետ աշխատանքի շնորհիվ, այսուհետև բոլոր վայրի ցեղերի հետ շատ սերտ համագործակցություն՝ https://t.co/NliGI03RBp"
positive,"Արդյունավետ աշխատելու համար ճիշտ և լիարժեք հանգիստը ոչ թե կարևոր է, այլ պարտադիր❣️
#Կոմիտաս20
,#ՍայաթՆովա12, 
(+374… https://t.co/fLdRDltfWp"
positive,Արդյունավետ միջոց՝ մազերի աճն ապահովելու համար https://t.co/etVEVcafdD
positive,"Ոստիկանների արագ և արդյունավետ աշխատանքի շնորհիվ խնդիրս արագ լուծում ստացավ
  
https://t.co/48Pt3akaMa https://t.co/qoJlXJs5O6"
positive,Այս արդյունավետ մեթոդը սովորեցրել է ինձ տատիկս․ Այն օգնում է շատ արագ իջեցնել բարձր ճնշումը https://t.co/er4SU7QBIT
positive,10 րոպե արագ քայլքը կարող է ավելի արդյունավետ լինել 10 հազար քայլ» ծրագրից https://t.co/k8x1MELOvj
positive,Փրկարարներն այսուհետ ավելի արագ ու արդյունավետ են աշխատելու: https://t.co/ue9oID3zJx
positive,Օգտակար և սննդարար նախաճաշը առույգության և արդյունավետ օրվա երաշխիքն է https://t.co/lyRg5UCrla
positive,9 պարզ և արդյունավետ միջոց սթրեսը հաղթահարելու համար https://t.co/0qOf0tEAoh https://t.co/K7rVwd1alI
positive,ՀՀ գյուղատնտեսական նշանակության մի շարք ոռոգելի հողամասերն ավելի արդյունավետ կօգտագործվեն https://t.co/90uRX9uzpX https://t.co/2S4CqWuMBs
positive,Ստուգումները վկայում են՝ Արցախի ՊԲ-ն ունակ է արդյունավետ հակազդել հակառակորդի հավանական գործողություններին https://t.co/whpzNAcWrt
positive,"[ԴՐԱՄԱՊԱՆԱԿ]
Վերջին հինգ տարում Հայաստանում նկատվում է հիփոթեքային վարկավորման ծավալների աճի դրական դինամիկա https://t.co/9G2HMFZFPC"
positive,Պաշտոնական #Ստեփանակերտը դրական է համարում #ՀՀ նախագահի պաշտոնում Արմեն Սարգսյանի թեկնածությունը: https://t.co/PM9djRNb75
positive,Կարապետ Գուլոյան. «Նախորդ տարվա ընթացքում արձանագրվել են զգալի դրական ցուցանիշներ» | Հեղինակ` ՆՈՐԻԿ ՔԵՇԻՇՅԱՆ... https://t.co/ynWQ4utnaJ
positive,"Հաճելիորեն զարմացած եմ Նշավան գյուղում տեղի ունեցած դրական փոփոխություններից, որոնք չնկատել ուղղակի անհնար է. . .... https://t.co/GNWS950Uoz"
positive,«Հեքիաթի ժամ» հաղորդաշարը մեզ հնարավորություն է տալիս ունկնդրելու այդ հրաշալի հեքիաթները:https://t.co/9ChRefIL3x
positive,Հրաշալի նորություն 😍😍😮 https://t.co/YfBPRkUPbm
positive,"Հրաշալի կարճամետրաժ մուլտֆիլմ!!!
∧＿∧　 
(　'.' )つ━☆・*。 
⊂　　 ノ 　　　・゜+. 
　しーＪ　　　°。+ *´ 
　　　　　　　　　　¸.·'* ☆"
positive,"RT @mimoooomim: Հրաշալի բան է քո հողում ապրելը 💜

Արցախ ❤"
positive,"Ամենասիրածս կինոն էի ավելացնում ֆիլմերի բազա։ Բանալի բառերից հասկացա, թե ինչքան հրաշալի #ֆիլմ ա, ով ինչ ուզում ա աս… https://t.co/ogrUO7kJWD"
positive,"🎉 Հայկական առաջատար ՏՏ ընկերություններից SFL LLC-ի մասին պատմող հրաշալի թողարկում https://t.co/bgdl54RXZT-ից։ 
🤝 Գո… https://t.co/c2TtShsMEt"
positive,Հրաշալի խորհուրդներ է տվել որդուն👌👌 https://t.co/vU0Rxtyqck
positive,"#MagicTracks
ՀԱՏՈՒԿ ԱԿՑԻԱ! ՁԵՌՔ բերեք այս հրաշալի լուսավորվող մայրուղին:Երջանկացրե՛ք Ձեր երեխային՝ 
Այժմ արդեն... https://t.co/C3CvV8qi7L"
positive,"Աշխարհի հրաշալի 10 հյուրանոցները,որտեղ կցանկանար լինել յուրաքանչյուր մարդ https://t.co/UzMcSju45c"
positive,Գոլառատ և հրաշալի խաղեր 🔥🔥 https://t.co/Ox1ppQsfAQ
positive,"Մարսելոն՝ ՊՍԺ-ի դեմ խաղի մասին. ««Բոսսը» մեզ շատ է օգնում, նա հրաշալի մարզիչ է» https://t.co/y4YeEzsz4r"
positive,«Հրաշալի որակ ունեցող հայկական կոնյակը բուլղարական շուկայում ավելի շատ գովազդման կարիք ունի»: https://t.co/sl176O08ME
positive,"Ազգային պարե՜ր😍😍 ԵՊՀ-ականներ, միացեք ձեզ ընձեռված հրաշալի հնարավորությունից!!!! https://t.co/RTyipASf5g"
positive,"@SirushoOfficial Հրաշալի է, ապրես շատ շատ."
positive,Ֆրանսահայ Րաֆֆի Արտոյի հրաշալի կատարումը՝ ֆրանսիական «Ձայնը» նախագծում https://t.co/ul5omUKpDq
positive,Հրաշալի մտքեր 👍👍👍 https://t.co/wxvAyGGwAc
positive,"Հրաշալի երգ, հիանալի կատարում. բրավո՜ և՛ հեղինակին, և՛ կատարողին: https://t.co/nh6C1NhSFB"
positive,Հրաշալի խմորեղեն «Սև կախարդանք»՝ սուրճով և կեֆիրով․ պատրաստվում է շատ արագ և անչափ համեղ է https://t.co/zs15RZbbTn
positive,"Նա քնած է և անգամ չի կարող կռահել, որ դարձել է համացանցի աստղ իր հրաշալի կերպարների շնորհիվ:"
positive,Ահա այսպիսին ստացվեց բրազիլացու առաջին գոլը Սուարեսի հրաշալի խաղից հետո ⚽👇 https://t.co/f92PBy3fen
negative,"@Benoo_Brown @_NotYovrBAE կներես ես հոգնեցի պայքարելուց, ես շատ բաներ պիտի հաղթահարեմ, դա իմ համար չի, ես արդեն ծեր… https://t.co/hx9fXn9Wyj"
negative,@artush_judo @SanMi451 Հոկտեմբերյանը ահավոր վատ տեղ ա
negative,Մի քանի վատ խնձոր վնասում է մյուսներին. Ջոն Քրոնանը՝ հայերի դեմ հարուցված քրեական գործի մասին. «Ամերիկայի ձայն» https://t.co/3jtWHqegXf
negative,Ժոզե Մոուրինյո. Պոգբան վերջին հանդիպումներում վատ էր խաղում https://t.co/l17tLohyNQ
negative,"Ի՞նչ անենք, որ այս վիճակից դուրս գանք, չհուզվե՞նք. Վ. Բոստանջյան (տեսանյութ): Հայաստանում գնաճը 40 եւ ավելի տոկոս է… https://t.co/UYBbGVk0TL"
negative,"Կարեն Կարապետյանը ցույց տվեց, որ ՀՅԴ-ական նախարարներն էլ իրենց հերթին են վատ աշխատում. «Ժողովուրդ» https://t.co/ueuWNq75Dt"
positive,Մեր մարզուհին վատ հանդես չի եկել. https://t.co/XNOSQNwSWy
negative,"«Ավելի վատ, քան սառը պատերազմի տարիներին». ԵՄ-ն գնահատել է Ռուսաստանի հետ հարաբերությունների մակարդակը... https://t.co/hRH5zuDHos"
negative,էս ինչ վատ օր է
negative,"Վատ բեմականացված ներկայացում էր այդ խմբի կողմից, բայց մյուս կողմի պահվածքն էլ՝ ուժի կիրառումը չեմ արդարացանում. Մ.Ե… https://t.co/PsGvYFTSJJ"
negative,"Քիչ առաջ վատ լուր ստացանք, Երևանի քաղապետարանի ավագանու նիստին ինչ է եղել Մարտին Վարդազարյանին, նա այս պահին... https://t.co/301M6aM8DX"
negative,Էս տարվա ծիրանից մեղ մասած՝ վատ հոտ է գալու
positive,"Վատ չեն մտածել, մնում է այդպես էլ անել🤔 https://t.co/Mx7C8Vkh4Q"
negative,"@theimposter_ Որ ասեցիր սկսեցի ավելի շատ կասկածել, որ կարողա վատ բաներ լինեն((("
negative,Արսեն Վենգեր. Իմ օրոք «Արսենալն» այսքան վատ չի խաղացել դրսում https://t.co/iLfdZgTG5e
negative,Շատ վատ բովանդակությամբ նամակ է ստացել. 23-ամյա հայուհին կմասնակցի Հնդկաստանում անցկացվող գեղեցկության մրցույթին https://t.co/OQ6gqVmkYU
negative,"Կյանքը բումերանգ է, իսկ դու՝ վատ խաղացող:"
negative,"@degerogh մի խոսքով, պատերազմները շատ վատ բաներ են
ու ոչ մեկ, երբեք էլ չի իմանա, թե ինչ ա կատարվել իրականում, մենակ… https://t.co/7HlkT1Tk8c"
negative,"Չեմ վախեցնում, բայց մեզ ավելի վատ օրեր են սպասվում. Արմեն Մարտիրոսյան https://t.co/TTw4z4fMpk"
negative,"Видео ""Նախաճաշի բացակայություն, վատ քուն... ուղեղը վնասող 10 վտանգավոր"
negative,չգիտեմ ինչա կատարվում երեկ ու էսօր ահավոր վատ եմ զգում
negative,Չես օգտագործում շենք-շինությունդ՝ ավելի շատ հարկ վճարիր (տեսանյութ): Դեբեդ թաղամասի տարեց բնակիչները սրտի ցավով են… https://t.co/mdokKeCiSY
negative,Արտոնություն ստացող ընկերությունը հարկ չի վճարել. նրա թիկունքում պաշտոնյաներ են. «Ժողովուրդ» https://t.co/6f3Gr5mBQX
negative,"Հայաստանում առնվազն 21,9 տոկոս գնաճ է տեղի ունեցել (տեսանյութ): «ՀՀ-ում տեղի է ունեցել գնաճի շղթայական ռեակցիա, տեղ… https://t.co/042DxlXFSf"
negative,"ՀՀ-ում տեղի է ունեցել լայն սպառման ապրանքների հսկայական գնաճ, որն առնվազն 21.9% է. Նիկոլ Փաշինյան https://t.co/8ep6jbZCsM"
negative,"Հունվարին կրկին գնաճ է արձանագրվել. թանկացել է մսեղենը, կաթնամթերքը, միրգ-բանջարեղենն ու բենզինը... https://t.co/r0rA19LthO"
positive,PRADO աղքատների համար. Toyota-ն թողարկել է հանրահայտ ավտոմեքենայի էժան տարբերակը (Photo) https://t.co/7hkeCHh0IG
positive,🚦🚲 Անվտանգ վարելու առաջին նախապայմանը սաղավարտ կրելն է։ #bontrager սաղավարտները առանձնանում են որակով և հարմարավետո… https://t.co/6xxBSCgNpA
positive,"Ով եղել է Դուբայում, գիտի, որ այն Երկիր մոլորակի ամենաճոխ, չափազանց գեղեցիկ և սարսափելի թանկարժեք քաղաքներից մեկն... https://t.co/gRm1lI4fM8"
positive,Այսօր երեկոյան սպասեք կրկին գեղեցիկ երաժշտության ;) :)
positive,"Փեսացուն հյուսիսից. գեղեցիկ հարսանիք Տաթև գյուղում, որ աչք է ծակում իր օրգինալությամբ https://t.co/sy9ZFU3S58"
positive,"Գեղեցիկ է, հետաքրքիր և օգտակար... 👍👍👍 https://t.co/9Q5yxgNf1K"
positive,Այսօր Չինաստանում նշում են Ամանորը։ Վոկ ընդ Ռոլը շնորհավորում է բոլորին այս գեղեցիկ տոնի կապացությամբ՝ 新年快乐 և... https://t.co/dHG8uLtIX3
positive,Պարզ վարժություններ՝ գեղեցիկ մարմին ունենալու համար https://t.co/Jh03SUkF7c
positive,"Դանիայի կանանց հավաքականի գեղեցիկ անակնկալը երկրպագուներին️🇩🇰️
#welivebadminton #denmark #kazan2018 https://t.co/WSsEqwMvMp"
positive,"Որակյալ, Մատչելի և գեղեցիկ տեսականին այժմ ԱՌԿԱ Է Հայաստանում: Առաքումը 1 օրվա ընթացքում:
Պատվիրեք մեր գործընկեր... https://t.co/TX7uDPtBPm"
positive,Գեղեցիկ պար ներդաշնակ զույգի կատարմամբ 💃❤🕺 https://t.co/mNxXKM8fJE
positive,Շաաաատ գեղեցիկ է https://t.co/XirDgoUP3o
positive,Մարկոս Պիզելին գեղեցիկ գոլ է խփել «Շուկրայի» դեմ խաղում (տեսանյութ) https://t.co/S1h6otvdM9
positive,5 գեղեցիկ գոլ https://t.co/J9nUMu5oCa
positive,Միամսյակին ընդառաջ ձեռք բերեք կանացիությունը ընդգծող գեղեցիկ և նորաձև զգեստներ HauteLook-ից մինչև 70% զեղչով 👉... https://t.co/71tjRJnc9i
positive,Մեկը մյուսից գեղեցիկ գոլեր👇👇 https://t.co/ipU4mwM3BV
positive,Շատ գեղեցիկ էր! https://t.co/HnanXKdtDB
positive,Իսպանիայի ընտրանու երկրորդ խաղաշապիկը բավականին գեղեցիկ տեսք ունի. https://t.co/lbFymM1Nrg
positive,Մատնահարդարման գեղեցիկ տարբերակներ՝ Սուրբ Վալենտինի տոնի համար https://t.co/XGEAea1wGQ
positive,Համեցեք SAF CLUB վայելելու գեղեցիկ կատարումներ ու անցկացնել հաճելի երեկո 😊… https://t.co/QIYRzBoL5u
positive,Լատվիացի ճանապարհորդը շատ գեղեցիկ վավերագրական տեսաֆիլմ է նկարել Արցախի մասին (Video) https://t.co/QR4DceCuui
positive,Գեղեցիկ է ստացվել https://t.co/0asAL5Igww
positive,Գեղեցիկ է․․․ https://t.co/raFrF6KYQQ
positive,Բոլոր բոլորից Շնորհակալ եմ գեղեցիկ Շնորհավորանքների և բարի մաղթանքների համար; 🥂 — смотрит Garik Ghazaryan Photographer
positive,Քեյնի գեղեցիկ գոլը հաղթանակ բերեց «Տոտենհեմին» «Արսենալի» նկատմամբ https://t.co/gwzdOtObWU
positive,«Արցախի» դարպասապահ Սամուր Ագամագոմեդովը գեղեցիկ սեյվ է կատարել👇👇 https://t.co/9A1OQOxYRU
positive,"ՖՈՏՈ. Դասական կերպարներ, որոնք գեղեցիկ են ցանկացած դեպքում 

https://t.co/PUvRNaRMdW https://t.co/fIJCkbBtsL"
positive,1999 թվականին Հովհաննիսյանը` Ալբերտ Սարգսյանի փոխանցումից հետո գեղեցիկ հարվածով գրավել է Մոսկվայի «Տորպեդոյի»... https://t.co/DzMdIjSRhO
positive,Բերնարդեսկիի գոլը տուգանայինից շատ գեղեցիկ էր... 🙂🙂 https://t.co/bcy5wbLkku
positive,"Ահա, թե ինչպիսին է իրական ընտանեկան կյանքը. երբեմն բարդ, նյարդայնացնող սակայն և գեղեցիկ... https://t.co/nwLDCLmH0P"
negative,"Ահա, թե ինչպիսին է իրական ընտանեկան կյանքը. երբեմն բարդ, նյարդայնացնող սակայն և գեղեցիկ... https://t.co/nwLDCLmH0P"
positive,@inerstaron Չէ հակառակը. Քեզ հաճելիա ստեղ տեսնելը
positive,"Չէ, ես շատ եմ սիրում իմ կյանքը.
Ունեմ լիարժեք ու հոգատար ընտանիք, թույն ընկերներ, ինձ շրջապատող սիրող շատ մարդիկ
Հն… https://t.co/5nREmvKGcE"
negative,"Ծնողները հրաժարվել են նորածին երեխայից. բավական չէ աղջիկ է, նաեւ ճողվածքով է ծնվել https://t.co/xePs6a0diI"
negative,"Հարգելի ընթերցողներ

https://t.co/jyupwegNbY կայքը տեխնիկական պատճառներով հասանելի չէ։ Հայցում ենք ձեր ներողամտությունը։"
